{
  "config": {
    "min_abs_window_mean": 0.0001,
    "min_samples": 200,
    "min_window_samples": 80,
    "tmax": 900.0,
    "tmax_atol": null,
    "tmin": 450.0
  },
  "heat_flux_variable": "Diagnostics/HeatFlux_st",
  "kind": "nonlinear_runtime_output_diagnostics_gate",
  "passed": true,
  "rows": [
    {
      "failures": [],
      "heat_flux_last": 15.79499626159668,
      "heat_flux_max": 25.498680114746094,
      "heat_flux_min": 1.3120960602464038e-06,
      "heat_flux_shape": [
        362,
        1
      ],
      "passed": true,
      "path": "tools_out/bounded_nonlinear_gradient_campaign/qa_ess_zbs10_rel7p5/nonlinear_campaign/baseline/qa_ess_zbs10_rel7p5_nonlinear_gradient_baseline_nonlinear_t900_n64_seed31.out.nc",
      "samples": 362,
      "time_max": 899.9273071289062,
      "time_min": 0.05000000074505806,
      "tmax_atol": 0.6249904632568359,
      "warnings": [],
      "window": {
        "mean_heat_flux": 15.401224974747542,
        "samples": 182,
        "sem_heat_flux": 0.09044422488327941,
        "tmax": 900.0,
        "tmin": 450.0
      }
    },
    {
      "failures": [],
      "heat_flux_last": 14.898642539978027,
      "heat_flux_max": 28.384288787841797,
      "heat_flux_min": 1.2851102155764238e-06,
      "heat_flux_shape": [
        362,
        1
      ],
      "passed": true,
      "path": "tools_out/bounded_nonlinear_gradient_campaign/qa_ess_zbs10_rel7p5/nonlinear_campaign/baseline/qa_ess_zbs10_rel7p5_nonlinear_gradient_baseline_nonlinear_t900_n64_seed32.out.nc",
      "samples": 362,
      "time_max": 899.9273071289062,
      "time_min": 0.05000000074505806,
      "tmax_atol": 0.6249904632568359,
      "warnings": [],
      "window": {
        "mean_heat_flux": 16.926284229362405,
        "samples": 182,
        "sem_heat_flux": 0.14595406964443916,
        "tmax": 900.0,
        "tmin": 450.0
      }
    },
    {
      "failures": [],
      "heat_flux_last": 12.033380508422852,
      "heat_flux_max": 24.756996154785156,
      "heat_flux_min": 1.3105991456541233e-06,
      "heat_flux_shape": [
        362,
        1
      ],
      "passed": true,
      "path": "tools_out/bounded_nonlinear_gradient_campaign/qa_ess_zbs10_rel7p5/nonlinear_campaign/baseline/qa_ess_zbs10_rel7p5_nonlinear_gradient_baseline_nonlinear_t900_n64_seed33.out.nc",
      "samples": 362,
      "time_max": 899.9273071289062,
      "time_min": 0.05000000074505806,
      "tmax_atol": 0.6249904632568359,
      "warnings": [],
      "window": {
        "mean_heat_flux": 17.16257632433713,
        "samples": 182,
        "sem_heat_flux": 0.1400811507812411,
        "tmax": 900.0,
        "tmin": 450.0
      }
    },
    {
      "failures": [],
      "heat_flux_last": 14.018277168273926,
      "heat_flux_max": 28.23931312561035,
      "heat_flux_min": 1.1138445188407786e-06,
      "heat_flux_shape": [
        453,
        1
      ],
      "passed": true,
      "path": "tools_out/bounded_nonlinear_gradient_campaign/qa_ess_zbs10_rel7p5/nonlinear_campaign/baseline/qa_ess_zbs10_rel7p5_nonlinear_gradient_baseline_nonlinear_t900_n64_dt0p04.out.nc",
      "samples": 453,
      "time_max": 900.0255126953125,
      "time_min": 0.03999999910593033,
      "tmax_atol": 0.5000114440917969,
      "warnings": [],
      "window": {
        "mean_heat_flux": 15.654428089614463,
        "samples": 226,
        "sem_heat_flux": 0.10856593558314268,
        "tmax": 900.0,
        "tmin": 450.0
      }
    }
  ],
  "summary": {
    "failed": 0,
    "outputs": 4,
    "passed": 4
  }
}
