R_over_LTe,gamma,omega
4.00,1.840870,-23.690418
6.00,1.907488,-16.787012
8.00,1.546358,-11.131833
10.00,1.299459,-7.910455
