source,beta,gamma_ref,omega_ref,gamma_spectrax,omega_spectrax,rel_gamma,rel_omega
/home/user/local/tests/crosscode_tmp/kbm_crosscode_ref/stella/kbm_beta0p1.out.nc,0.1,1.0878866826184335,0.1593033863040646,0.6715328097343445,0.23371922969818115,-0.38271805284165006,0.46713284080526696
/home/user/local/tests/crosscode_tmp/kbm_crosscode_ref/stella/kbm_beta0p2.out.nc,0.2,1.0878865985717399,0.15930371579942185,0.7217965722084045,0.14440052211284637,-0.336514878337472,-0.09355207825371742
/home/user/local/tests/crosscode_tmp/kbm_crosscode_ref/stella/kbm_beta0p3.out.nc,0.3,1.087886570557945,0.15930382564141388,0.7862167954444885,0.14669445157051086,-0.27729892369085773,-0.07915298970463004
/home/user/local/tests/crosscode_tmp/kbm_crosscode_ref/stella/kbm_beta0p4.out.nc,0.4,1.087886556551368,0.1593038805643009,0.883014440536499,0.20024782419204712,-0.18832121307236258,0.2570178672528931
/home/user/local/tests/crosscode_tmp/kbm_crosscode_ref/stella/kbm_beta0p5.out.nc,0.5,1.0878865481475377,0.15930391351866932,0.8946813941001892,0.18903814256191254,-0.17759678559895778,0.18665096410050572
