ky,omega,gamma
0.05000000,0.03653955,0.00982407
0.10000000,0.07984538,0.03042618
0.15000001,0.12684719,0.05497060
0.20000000,0.17786819,0.07502248
0.25000000,0.23043814,0.08841157
0.30000001,0.28199404,0.09302951
0.34999999,0.33079475,0.08984514
0.40000001,0.37494412,0.08091009
0.45000002,0.41535741,0.06848760
0.50000000,0.45591494,0.05405879
0.55000001,0.49835297,0.03460323
