{
  "config": {
    "min_abs_window_mean": 0.0001,
    "min_samples": 200,
    "min_window_samples": 80,
    "tmax": 900.0,
    "tmax_atol": null,
    "tmin": 450.0
  },
  "heat_flux_variable": "Diagnostics/HeatFlux_st",
  "kind": "nonlinear_runtime_output_diagnostics_gate",
  "passed": true,
  "rows": [
    {
      "failures": [],
      "heat_flux_last": 13.77807903289795,
      "heat_flux_max": 26.383081436157227,
      "heat_flux_min": 1.3129783837939613e-06,
      "heat_flux_shape": [
        378,
        1
      ],
      "passed": true,
      "path": "tools_out/bounded_nonlinear_gradient_campaign/qa_ess_zbs10_rel7p5/nonlinear_campaign/plus_delta/qa_ess_zbs10_rel7p5_nonlinear_gradient_plus_delta_nonlinear_t900_n64_seed31.out.nc",
      "samples": 378,
      "time_max": 899.9912719726562,
      "time_min": 0.05000000074505806,
      "tmax_atol": 0.6249923706054688,
      "warnings": [],
      "window": {
        "mean_heat_flux": 18.06018158746144,
        "samples": 189,
        "sem_heat_flux": 0.21335711085079825,
        "tmax": 900.0,
        "tmin": 450.0
      }
    },
    {
      "failures": [],
      "heat_flux_last": 13.945610046386719,
      "heat_flux_max": 28.299789428710938,
      "heat_flux_min": 1.286019596591359e-06,
      "heat_flux_shape": [
        362,
        1
      ],
      "passed": true,
      "path": "tools_out/bounded_nonlinear_gradient_campaign/qa_ess_zbs10_rel7p5/nonlinear_campaign/plus_delta/qa_ess_zbs10_rel7p5_nonlinear_gradient_plus_delta_nonlinear_t900_n64_seed32.out.nc",
      "samples": 362,
      "time_max": 899.9273071289062,
      "time_min": 0.05000000074505806,
      "tmax_atol": 0.6249904632568359,
      "warnings": [],
      "window": {
        "mean_heat_flux": 15.63602373102209,
        "samples": 182,
        "sem_heat_flux": 0.14898670605344125,
        "tmax": 900.0,
        "tmin": 450.0
      }
    },
    {
      "failures": [],
      "heat_flux_last": 13.722310066223145,
      "heat_flux_max": 24.69655990600586,
      "heat_flux_min": 1.3116432455717586e-06,
      "heat_flux_shape": [
        362,
        1
      ],
      "passed": true,
      "path": "tools_out/bounded_nonlinear_gradient_campaign/qa_ess_zbs10_rel7p5/nonlinear_campaign/plus_delta/qa_ess_zbs10_rel7p5_nonlinear_gradient_plus_delta_nonlinear_t900_n64_seed33.out.nc",
      "samples": 362,
      "time_max": 899.9273071289062,
      "time_min": 0.05000000074505806,
      "tmax_atol": 0.6249904632568359,
      "warnings": [],
      "window": {
        "mean_heat_flux": 15.465671900864486,
        "samples": 182,
        "sem_heat_flux": 0.16360330138489998,
        "tmax": 900.0,
        "tmin": 450.0
      }
    },
    {
      "failures": [],
      "heat_flux_last": 15.661473274230957,
      "heat_flux_max": 28.245670318603516,
      "heat_flux_min": 1.1144582003908e-06,
      "heat_flux_shape": [
        453,
        1
      ],
      "passed": true,
      "path": "tools_out/bounded_nonlinear_gradient_campaign/qa_ess_zbs10_rel7p5/nonlinear_campaign/plus_delta/qa_ess_zbs10_rel7p5_nonlinear_gradient_plus_delta_nonlinear_t900_n64_dt0p04.out.nc",
      "samples": 453,
      "time_max": 900.0255126953125,
      "time_min": 0.03999999910593033,
      "tmax_atol": 0.5000114440917969,
      "warnings": [],
      "window": {
        "mean_heat_flux": 14.92021172869522,
        "samples": 226,
        "sem_heat_flux": 0.12029124673053386,
        "tmax": 900.0,
        "tmin": 450.0
      }
    }
  ],
  "summary": {
    "failed": 0,
    "outputs": 4,
    "passed": 4
  }
}
