{
  "config": {
    "min_abs_window_mean": 0.0001,
    "min_samples": 200,
    "min_window_samples": 80,
    "tmax": 700.0,
    "tmax_atol": null,
    "tmin": 350.0
  },
  "heat_flux_variable": "Diagnostics/HeatFlux_st",
  "kind": "nonlinear_runtime_output_diagnostics_gate",
  "passed": true,
  "rows": [
    {
      "failures": [],
      "heat_flux_last": 8.244447708129883,
      "heat_flux_max": 12.711006164550781,
      "heat_flux_min": 1.3306863593243179e-06,
      "heat_flux_shape": [
        283,
        1
      ],
      "passed": true,
      "path": "tools_out/vmec_boozer_holdout_transport/qh_torflux078_alpha120/vmec_boozer_qh_torflux078_alpha120_holdout_nonlinear_t700_n64_seed31.out.nc",
      "samples": 283,
      "time_max": 700.0289306640625,
      "time_min": 0.05000000074505806,
      "tmax_atol": 0.6250381469726562,
      "warnings": [],
      "window": {
        "mean_heat_flux": 8.34382177244687,
        "samples": 141,
        "sem_heat_flux": 0.04635546749580374,
        "tmax": 700.0,
        "tmin": 350.0
      }
    },
    {
      "failures": [],
      "heat_flux_last": 7.536853790283203,
      "heat_flux_max": 12.504322052001953,
      "heat_flux_min": 1.3053171414867393e-06,
      "heat_flux_shape": [
        283,
        1
      ],
      "passed": true,
      "path": "tools_out/vmec_boozer_holdout_transport/qh_torflux078_alpha120/vmec_boozer_qh_torflux078_alpha120_holdout_nonlinear_t700_n64_seed32.out.nc",
      "samples": 283,
      "time_max": 700.0289306640625,
      "time_min": 0.05000000074505806,
      "tmax_atol": 0.6250381469726562,
      "warnings": [],
      "window": {
        "mean_heat_flux": 7.674766503327282,
        "samples": 141,
        "sem_heat_flux": 0.037725868849205514,
        "tmax": 700.0,
        "tmin": 350.0
      }
    },
    {
      "failures": [],
      "heat_flux_last": 7.948832988739014,
      "heat_flux_max": 16.03106689453125,
      "heat_flux_min": 1.1174423661941546e-06,
      "heat_flux_shape": [
        353,
        1
      ],
      "passed": true,
      "path": "tools_out/vmec_boozer_holdout_transport/qh_torflux078_alpha120/vmec_boozer_qh_torflux078_alpha120_holdout_nonlinear_t700_n64_dt0p04.out.nc",
      "samples": 353,
      "time_max": 699.95458984375,
      "time_min": 0.03999999910593033,
      "tmax_atol": 0.5,
      "warnings": [],
      "window": {
        "mean_heat_flux": 7.974749643250374,
        "samples": 177,
        "sem_heat_flux": 0.028952267970965957,
        "tmax": 700.0,
        "tmin": 350.0
      }
    }
  ],
  "summary": {
    "failed": 0,
    "outputs": 3,
    "passed": 3
  }
}
