ky,gamma,omega
10.0,1.89255011361872,-2.7246736883786995
20.0,4.617299837265991,-6.317518387842072
30.0,6.249888982739269,-10.599357352868644
