ky,gamma,omega
10.0,2.3525707044106356,-4.430646651404427
20.0,4.442540844332002,-9.84656635491204
30.0,4.568147544932417,-14.928421090290591
