ky,omega,gamma
5.000000,-2.934911,1.852071
10.000000,-5.964497,4.644970
15.000000,-10.650888,7.272189
20.000000,-15.177515,9.055227
25.000000,-19.881657,9.585799
30.000000,-24.591716,9.053254
35.000000,-29.001972,7.615385
40.000000,-32.615385,5.579882
45.000000,-36.355030,3.136095
50.000000,-38.343195,1.213018
