ky,omega,gamma
10.000000,-8.701438,4.036936
20.000000,-18.399197,6.249921
30.000000,-26.321447,4.702631
