ky,omega,gamma
5.000000,-18.842640,3.425532
10.000000,-22.233503,5.944681
15.000000,-26.192893,8.100355
20.000000,-30.423012,9.297872
25.000000,-34.503263,9.553191
30.000000,-38.680203,9.021277
35.000000,-35.422143,7.702128
40.000000,-29.043490,5.914894
45.000000,-22.842640,3.751064
50.000000,-22.842640,1.255319
