ky,omega,gamma
10.000000,-8.726195,4.003643
20.000000,-18.525770,6.185807
30.000000,-26.544748,3.878223
