{
  "config": {
    "min_abs_window_mean": 0.0001,
    "min_samples": 120,
    "min_window_samples": 40,
    "tmax": 250.0,
    "tmax_atol": null,
    "tmin": 170.0
  },
  "heat_flux_variable": "Diagnostics/HeatFlux_st",
  "kind": "nonlinear_runtime_output_diagnostics_gate",
  "passed": true,
  "rows": [
    {
      "failures": [],
      "heat_flux_last": 1.4331326484680176,
      "heat_flux_max": 38.02418518066406,
      "heat_flux_min": 1.1167986674331942e-11,
      "heat_flux_shape": [
        251,
        1
      ],
      "passed": true,
      "path": "tools_out/external_vmec_holdouts/solovev_reference_repair_dt002_amp1em5_n48_t250/solovev_reference_repair_dt002_amp1em5_n48_nonlinear_t250_n48_seed31.out.nc",
      "samples": 251,
      "time_max": 250.01658630371094,
      "time_min": 0.019999999552965164,
      "tmax_atol": 0.25000572204589844,
      "warnings": [],
      "window": {
        "mean_heat_flux": 1.4134186431765556,
        "samples": 80,
        "sem_heat_flux": 0.011440216570990655,
        "tmax": 250.0,
        "tmin": 170.0
      }
    },
    {
      "failures": [],
      "heat_flux_last": 1.6586954593658447,
      "heat_flux_max": 40.978759765625,
      "heat_flux_min": 1.0631962324425537e-11,
      "heat_flux_shape": [
        251,
        1
      ],
      "passed": true,
      "path": "tools_out/external_vmec_holdouts/solovev_reference_repair_dt002_amp1em5_n48_t250/solovev_reference_repair_dt002_amp1em5_n48_nonlinear_t250_n48_seed32.out.nc",
      "samples": 251,
      "time_max": 250.01658630371094,
      "time_min": 0.019999999552965164,
      "tmax_atol": 0.25000572204589844,
      "warnings": [],
      "window": {
        "mean_heat_flux": 1.520143522322178,
        "samples": 80,
        "sem_heat_flux": 0.01558218220204422,
        "tmax": 250.0,
        "tmin": 170.0
      }
    },
    {
      "failures": [],
      "heat_flux_last": 1.3014380931854248,
      "heat_flux_max": 26.013736724853516,
      "heat_flux_min": 6.02492795237497e-12,
      "heat_flux_shape": [
        501,
        1
      ],
      "passed": true,
      "path": "tools_out/external_vmec_holdouts/solovev_reference_repair_dt002_amp1em5_n48_t250/solovev_reference_repair_dt002_amp1em5_n48_nonlinear_t250_n48_dt0p01_gpu.out.nc",
      "samples": 501,
      "time_max": 249.94190979003906,
      "time_min": 0.009999999776482582,
      "tmax_atol": 0.12497901916503906,
      "warnings": [],
      "window": {
        "mean_heat_flux": 1.294780022278428,
        "samples": 160,
        "sem_heat_flux": 0.010431361403332111,
        "tmax": 250.0,
        "tmin": 170.0
      }
    }
  ],
  "summary": {
    "failed": 0,
    "outputs": 3,
    "passed": 3
  }
}
