{
  "config": {
    "min_abs_window_mean": 0.0001,
    "min_samples": 200,
    "min_window_samples": 80,
    "tmax": 900.0,
    "tmax_atol": null,
    "tmin": 450.0
  },
  "heat_flux_variable": "Diagnostics/HeatFlux_st",
  "kind": "nonlinear_runtime_output_diagnostics_gate",
  "passed": true,
  "rows": [
    {
      "failures": [],
      "heat_flux_last": 20.106685638427734,
      "heat_flux_max": 25.643068313598633,
      "heat_flux_min": 1.3112131682646577e-06,
      "heat_flux_shape": [
        378,
        1
      ],
      "passed": true,
      "path": "tools_out/bounded_nonlinear_gradient_campaign/qa_ess_zbs10_rel7p5/nonlinear_campaign/minus_delta/qa_ess_zbs10_rel7p5_nonlinear_gradient_minus_delta_nonlinear_t900_n64_seed31.out.nc",
      "samples": 378,
      "time_max": 899.9912719726562,
      "time_min": 0.05000000074505806,
      "tmax_atol": 0.6249923706054688,
      "warnings": [],
      "window": {
        "mean_heat_flux": 17.14170350473394,
        "samples": 189,
        "sem_heat_flux": 0.15128809224545248,
        "tmax": 900.0,
        "tmin": 450.0
      }
    },
    {
      "failures": [],
      "heat_flux_last": 15.765151977539062,
      "heat_flux_max": 28.459827423095703,
      "heat_flux_min": 1.2841992429457605e-06,
      "heat_flux_shape": [
        362,
        1
      ],
      "passed": true,
      "path": "tools_out/bounded_nonlinear_gradient_campaign/qa_ess_zbs10_rel7p5/nonlinear_campaign/minus_delta/qa_ess_zbs10_rel7p5_nonlinear_gradient_minus_delta_nonlinear_t900_n64_seed32.out.nc",
      "samples": 362,
      "time_max": 899.9273071289062,
      "time_min": 0.05000000074505806,
      "tmax_atol": 0.6249904632568359,
      "warnings": [],
      "window": {
        "mean_heat_flux": 16.20312114862295,
        "samples": 182,
        "sem_heat_flux": 0.13189566678092082,
        "tmax": 900.0,
        "tmin": 450.0
      }
    },
    {
      "failures": [],
      "heat_flux_last": 15.768836975097656,
      "heat_flux_max": 24.81242561340332,
      "heat_flux_min": 1.309552999373409e-06,
      "heat_flux_shape": [
        362,
        1
      ],
      "passed": true,
      "path": "tools_out/bounded_nonlinear_gradient_campaign/qa_ess_zbs10_rel7p5/nonlinear_campaign/minus_delta/qa_ess_zbs10_rel7p5_nonlinear_gradient_minus_delta_nonlinear_t900_n64_seed33.out.nc",
      "samples": 362,
      "time_max": 899.9273071289062,
      "time_min": 0.05000000074505806,
      "tmax_atol": 0.6249904632568359,
      "warnings": [],
      "window": {
        "mean_heat_flux": 16.455729998075046,
        "samples": 182,
        "sem_heat_flux": 0.1495395405716129,
        "tmax": 900.0,
        "tmin": 450.0
      }
    },
    {
      "failures": [],
      "heat_flux_last": 13.520904541015625,
      "heat_flux_max": 28.218711853027344,
      "heat_flux_min": 1.113230155169731e-06,
      "heat_flux_shape": [
        453,
        1
      ],
      "passed": true,
      "path": "tools_out/bounded_nonlinear_gradient_campaign/qa_ess_zbs10_rel7p5/nonlinear_campaign/minus_delta/qa_ess_zbs10_rel7p5_nonlinear_gradient_minus_delta_nonlinear_t900_n64_dt0p04.out.nc",
      "samples": 453,
      "time_max": 900.0255126953125,
      "time_min": 0.03999999910593033,
      "tmax_atol": 0.5000114440917969,
      "warnings": [],
      "window": {
        "mean_heat_flux": 16.360379970179196,
        "samples": 226,
        "sem_heat_flux": 0.10726066972580026,
        "tmax": 900.0,
        "tmin": 450.0
      }
    }
  ],
  "summary": {
    "failed": 0,
    "outputs": 4,
    "passed": 4
  }
}
