R_over_LTe,gamma,omega
4.00,3.087720,-468.213593
6.00,3.079486,-462.981201
8.00,6.542182,-32.770073
10.00,8.310407,-33.873894
