{
  "target_gamma": -0.34020718932151794,
  "tprim_init": 1.6,
  "tprim_final": 2.3687870502471924,
  "loss_final": 0.006173775531351566,
  "grad_autodiff": 0.20498891174793243,
  "grad_finite_diff": 0.2049654722213745,
  "grad_rel_error": 0.00011435841512121596
}