{
  "target_observables": [
    -0.34020718932151794,
    1.3702011108398438
  ],
  "tprim_init": 1.6,
  "fprim_init": 1.1,
  "tprim_final": 1.9790269136428833,
  "fprim_final": 0.36149314045906067,
  "loss_final": 4.281499514036113e-06,
  "jac_autodiff": [
    [
      0.2202451378107071,
      -0.42872223258018494
    ],
    [
      0.08876010775566101,
      -0.1554114818572998
    ]
  ],
  "jac_finite_diff": [
    [
      0.22007523477077484,
      -0.42860206961631775
    ],
    [
      0.08857249468564987,
      -0.15562772750854492
    ]
  ],
  "jac_rel_error": [
    0.0010669465409591794,
    0.0005425409763120115
  ],
  "covariance": [
    [
      0.02023454072465233,
      0.010529889097505178
    ],
    [
      0.010529889097505178,
      0.00548651296277879
    ]
  ],
  "sigma2": 1.4234567515813978e-06
}