{
  "target_observables": [
    -0.4930559992790222,
    1.023350477218628
  ],
  "tprim_init": 2.4,
  "fprim_init": 0.95,
  "tprim_final": 2.5287877812582216,
  "fprim_final": 0.6498146901068069,
  "observable_final": [
    -0.4915168583393097,
    1.021092414855957
  ],
  "observable_abs_error": [
    0.0015391409397125244,
    0.0022580623626708984
  ],
  "parameter_abs_error": [
    0.27121221874177825,
    0.15018530989319312
  ],
  "loss_final": 7.467800514859846e-06,
  "jac_autodiff": [
    [
      0.23095913231372833,
      -0.49219775199890137
    ],
    [
      0.3717670142650604,
      -0.6573953628540039
    ]
  ],
  "jac_finite_diff": [
    [
      0.2309083789587021,
      -0.4921853244304657
    ],
    [
      0.37160512804985046,
      -0.6575583815574646
    ]
  ],
  "jac_rel_error": [
    0.0003877815615851432,
    0.00019905040971934795
  ],
  "covariance": [
    [
      0.0025950236214023607,
      0.0013777828105868313
    ],
    [
      0.0013777828105868313,
      0.0007370463042877596
    ]
  ],
  "sigma2": 3.7339011669246247e-06
}