{
  "target_observables": [
    -0.4930559992790222,
    1.0233505964279175,
    0.036366261541843414,
    -2.3723649978637695
  ],
  "tprim_init": 1.6,
  "fprim_init": 1.1,
  "tprim_final": 2.8000000452018434,
  "fprim_final": 0.7999999842522637,
  "observable_final": [
    -0.4930559992790222,
    1.0233505964279175,
    0.036366261541843414,
    -2.3723649978637695
  ],
  "observable_abs_error": [
    0.0,
    0.0,
    0.0,
    0.0
  ],
  "parameter_abs_error": [
    4.520184360146118e-08,
    1.5747736337168305e-08
  ],
  "loss_final": 0.0,
  "jac_autodiff": [
    [
      0.23095913231372833,
      -0.49219775199890137
    ],
    [
      0.37176713347435,
      -0.6573954820632935
    ],
    [
      -0.004690249916166067,
      -0.24848900735378265
    ],
    [
      0.0156716201454401,
      -3.2508506774902344
    ]
  ],
  "jac_finite_diff": [
    [
      0.2309083789587021,
      -0.4921853244304657
    ],
    [
      0.37160512804985046,
      -0.6575583815574646
    ],
    [
      -0.004682224243879318,
      -0.248521089553833
    ],
    [
      0.01561641599982977,
      -3.250717878341675
    ]
  ],
  "jac_rel_error": [
    0.00040817007538862526,
    6.33443269180134e-05
  ],
  "sigma2": 1e-12,
  "covariance": [
    [
      5.646366381082736e-12,
      2.0372116260847002e-13
    ],
    [
      2.0372116260847002e-13,
      9.581293020259999e-14
    ]
  ],
  "covariance_std": [
    2.3762084043876995e-06,
    3.0953663790026535e-07
  ],
  "covariance_correlation": [
    [
      0.9999999999999999,
      0.27697435345966165
    ],
    [
      0.27697435345966165,
      1.0
    ]
  ],
  "covariance_eigenvalues": [
    8.834582717697661e-14,
    5.6538334841083595e-12
  ],
  "uq_ellipse_area_1sigma": 2.2203140144029013e-12,
  "jacobian_singular_values": [
    3.364395003240042,
    0.4205605112833702
  ],
  "jacobian_condition_number": 7.999788170728042,
  "sensitivity_map_rank": 2
}