{
  "target_observables": [
    -0.34020718932151794,
    1.3702011108398438,
    -0.0670299381017685,
    -2.465191602706909
  ],
  "tprim_init": 1.6,
  "fprim_init": 1.1,
  "tprim_final": 1.9649620056152344,
  "fprim_final": 0.899022102355957,
  "loss_final": 0.11942634731531143,
  "jac_autodiff": [
    [
      0.2202451378107071,
      -0.42872223258018494
    ],
    [
      0.08876011520624161,
      -0.1554114818572998
    ],
    [
      0.006481536198407412,
      0.29708966612815857
    ],
    [
      -0.012018484994769096,
      -2.5066559314727783
    ]
  ],
  "jac_finite_diff": [
    [
      0.22007523477077484,
      -0.42860206961631775
    ],
    [
      0.08857249468564987,
      -0.15562772750854492
    ],
    [
      0.006393529009073973,
      0.2970695495605469
    ],
    [
      -0.012159346602857113,
      -2.5064945220947266
    ]
  ],
  "jac_rel_error": [
    0.0012740392703562975,
    0.00011543265281943604
  ],
  "covariance": [
    [
      3.0023627049483275,
      0.03475614966089478
    ],
    [
      0.03475614966089519,
      0.025815152751562903
    ]
  ],
  "sigma2": 0.1672046184539795
}