{
  "claim_scope": "intermediate_slab_itg_convergence_not_literature_acceptance",
  "comparisons": [
    {
      "lower_resolution": [
        7,
        3
      ],
      "maximum_all_frequency_relative_change": 0.019117035816155693,
      "maximum_resolved_unstable_relative_change": 0.008774854224010567,
      "relative_growth_change": [
        0.018106828365767748,
        0.01815979333811533,
        0.01818400898891627,
        0.018218910159839098,
        0.01826876548501424,
        0.018339022700969296,
        0.018435969110428434,
        0.01856531486917283,
        0.018728360227603495,
        0.018913261454930996,
        0.01907745479774123,
        0.019117035816155693,
        0.018825512840787168,
        0.017871538378034412,
        0.015881467117481677,
        0.012717239302404376,
        0.008774854224010567,
        0.004815603562532319,
        0.001371134194421934,
        0.0015182875082775486,
        0.0038004494756027083,
        0.0048194514149758234,
        0.0039004917642885897,
        0.0030128817299472288,
        0.0005488314333843843,
        0.00014845325968852692,
        0.00012187958711921681,
        8.797755576351166e-06,
        2.9414081479990444e-06,
        1.568443515125103e-06,
        6.878851040191837e-07,
        3.969005268025406e-07
      ],
      "upper_resolution": [
        9,
        4
      ]
    },
    {
      "lower_resolution": [
        9,
        4
      ],
      "maximum_all_frequency_relative_change": 0.07439802232985072,
      "maximum_resolved_unstable_relative_change": 0.0011805584701031309,
      "relative_growth_change": [
        0.07439802232985072,
        0.07341921007005148,
        0.07296516236810958,
        0.0723031497406623,
        0.0713410151645558,
        0.06994940147106413,
        0.06795108321746679,
        0.06511268820203853,
        0.06114709277491399,
        0.055743135022736985,
        0.04864873820378604,
        0.03983192626336702,
        0.029705095765387247,
        0.019298413294778324,
        0.01014451384376938,
        0.003657213398421134,
        0.00023797630877976344,
        0.0009690366122801235,
        0.0011805584701031309,
        0.0010172281036400584,
        0.0006054000060113958,
        0.00019790666373306685,
        0.000416680392461929,
        0.0023908151317911957,
        0.00042944358955796576,
        2.419732478179194e-05,
        1.9686001185436815e-06,
        5.48764135396304e-07,
        3.16521653215481e-07,
        8.745056796590558e-08,
        2.433199522112237e-08,
        5.87622022896676e-09
      ],
      "upper_resolution": [
        12,
        5
      ]
    }
  ],
  "curves": [
    {
      "bessel_argument": 0.7071067811865476,
      "collision_frequency": [
        0.0,
        0.0001,
        0.0001467799267622069,
        0.00021544346900318845,
        0.00031622776601683794,
        0.00046415888336127773,
        0.0006812920690579609,
        0.001,
        0.0014677992676220691,
        0.002154434690031882,
        0.0031622776601683794,
        0.004641588833612777,
        0.006812920690579608,
        0.01,
        0.01467799267622069,
        0.021544346900318822,
        0.03162277660168379,
        0.046415888336127774,
        0.06812920690579609,
        0.1,
        0.1467799267622069,
        0.21544346900318823,
        0.31622776601683794,
        0.46415888336127775,
        0.6812920690579608,
        1.0,
        1.4677992676220675,
        2.154434690031882,
        3.1622776601683795,
        4.641588833612772,
        6.812920690579608,
        10.0
      ],
      "frequency": [
        -0.10861650369064996,
        -0.10856677639688483,
        -0.10854353264875656,
        -0.10850943723352753,
        -0.10845943931633986,
        -0.10838615579736015,
        -0.10827881760031227,
        -0.10812177044303344,
        -0.10789238500324147,
        -0.10755825254833357,
        -0.10707370104259595,
        -0.10637619841036874,
        -0.10538460496483455,
        -0.10400415032032248,
        -0.10214669104507285,
        -0.09977130118713795,
        -0.09692079109698352,
        -0.09368580629826789,
        -0.09006931187862205,
        -0.08585652115582762,
        -0.08059814210995436,
        -0.07362228288489182,
        -0.06376882613160957,
        -0.04843818287986317,
        -0.020699687291850705,
        0.16429210578557135,
        0.152525979377074,
        0.1632554172159259,
        0.17038182570927776,
        0.17448161341361818,
        0.17662932149094304,
        0.17769076369357206
      ],
      "growth": [
        0.08923973153469601,
        0.08918809896016498,
        0.08916404329231414,
        0.0891288469538297,
        0.08907742700202682,
        0.08900246848302623,
        0.08889354278757895,
        0.08873598897774199,
        0.0885096246916231,
        0.08818753970088235,
        0.08773558522506322,
        0.0871137277837129,
        0.08628092214887409,
        0.08520433771669068,
        0.08386823886171554,
        0.08226320294546986,
        0.08032248454476255,
        0.07780223579665708,
        0.07417088044985519,
        0.0685473709785974,
        0.059625506400746126,
        0.04549453811923584,
        0.023320746853767237,
        -0.011120624974521763,
        -0.06474292008221039,
        -0.12753088102163587,
        -0.08095555642820908,
        -0.08450716528032232,
        -0.11059956093886354,
        -0.15698838997333148,
        -0.22826424943464133,
        -0.3341076123025791
      ],
      "maximum_hermite_order": 7,
      "maximum_laguerre_order": 3,
      "mode_count": 32,
      "paper_kperp": 0.5
    },
    {
      "bessel_argument": 0.7071067811865476,
      "collision_frequency": [
        0.0,
        0.0001,
        0.0001467799267622069,
        0.00021544346900318845,
        0.00031622776601683794,
        0.00046415888336127773,
        0.0006812920690579609,
        0.001,
        0.0014677992676220691,
        0.002154434690031882,
        0.0031622776601683794,
        0.004641588833612777,
        0.006812920690579608,
        0.01,
        0.01467799267622069,
        0.021544346900318822,
        0.03162277660168379,
        0.046415888336127774,
        0.06812920690579609,
        0.1,
        0.1467799267622069,
        0.21544346900318823,
        0.31622776601683794,
        0.46415888336127775,
        0.6812920690579608,
        1.0,
        1.4677992676220675,
        2.154434690031882,
        3.1622776601683795,
        4.641588833612772,
        6.812920690579608,
        10.0
      ],
      "frequency": [
        -0.10450979309869239,
        -0.10447775802641648,
        -0.10446276546220079,
        -0.10444075225266918,
        -0.1044084268997695,
        -0.10436095189264075,
        -0.10429121771546127,
        -0.10418878322827847,
        -0.10403835151931133,
        -0.10381765161562924,
        -0.10349472100006492,
        -0.1030250647676201,
        -0.1023503984926075,
        -0.10140261533991073,
        -0.10011614520670273,
        -0.0984402950112294,
        -0.09632323450579457,
        -0.09366045846474313,
        -0.09027468402638848,
        -0.08596869184155038,
        -0.0805294731783716,
        -0.0735044184784972,
        -0.06372046114477314,
        -0.04843707751482226,
        -0.02068846529119115,
        0.16436084115988506,
        0.1525220731539746,
        0.16325309963714602,
        0.17038091818809123,
        0.17448108373582247,
        0.17662884593869077,
        0.17769028329073056
      ],