{
  "basis": {
    "maximum_hermite_order": 3,
    "maximum_laguerre_order": 1
  },
  "case": "finite_b_coulomb_operator_algebra",
  "claim_scope": "offline_operator_algebra_not_runtime_transport",
  "direct_projection": {
    "labels": [
      "$\\Pi^{0,0,0}$",
      "$\\Pi^{1,0,1}$",
      "$\\Pi^{2,0,0}$",
      "$\\Pi^{2,0,2}$",
      "$\\Pi^{3,1,1}$"
    ],
    "quadrature": "80-point Gauss-Hermite x 80-point Gauss-Laguerre",
    "relative_errors": [
      1.3694482003081231e-14,
      6.067858832252489e-14,
      3.0274362552581606e-13,
      1.6543181035812855e-14,
      3.1316539653265556e-13
    ]
  },
  "eigenvalues": [
    -2.2748636535664697,
    -1.911763473896943,
    -1.8705816039949466,
    -1.2569780675772944,
    -0.7925736354074301,
    -1.500447059698326e-16,
    -1.5257896690031966e-17,
    9.00846363925679e-18
  ],
  "gate_passed": true,
  "gates": {
    "final_bessel_relative_error": true,
    "maximum_eigenvalue": true,
    "maximum_invariant_residual": true,
    "maximum_projection_relative_error": true,
    "published_coefficient_maximum_absolute_error": true,
    "symmetry_maximum_absolute_error": true
  },
  "invariant_residuals": {
    "density": 1.5272099054645245e-81,
    "parallel_momentum": 0.0,
    "thermal_energy": 5.551115123125783e-17
  },
  "matrix": [
    [
      2.5289937654577856e-97,
      2.952766034654239e-17,
      0.0,
      -0.0,
      2.087920886361325e-17,
      -3.7582575954503845e-17,
      0.0,
      -0.0
    ],
    [
      -0.0,
      -0.4255384324281948,
      -0.0,
      0.0,
      0.6018022224509401,
      -0.064478809548315,
      -0.0,
      0.0
    ],
    [
      0.0,
      -0.0,
      0.0,
      -5.551115123125783e-17,
      0.0,
      -0.0,
      -5.551115123125783e-17,
      8.326672684688674e-17
    ],
    [
      -0.0,
      0.0,
      -0.0,
      -1.489384513498682,
      -0.0,
      0.0,
      0.521176012696448,
      0.27920143537309716
    ],
    [
      2.3408381773460992e-97,
      0.6018022224509401,
      0.0,
      -0.0,
      -0.8510768648563898,
      0.09118680694889891,
      0.0,
      -0.0
    ],
    [
      1.5272099054645245e-81,
      -0.064478809548315,
      -0.0,
      0.0,
      0.09118680694889891,
      -1.8921262441896523,
      -0.0,
      0.0
    ],
    [
      0.0,
      -0.0,
      0.0,
      0.521176012696448,
      0.0,
      -0.0,
      -1.2766152972845846,
      0.13678021042334837
    ],
    [
      -0.0,
      0.0,
      -0.0,
      0.27920143537309716,
      -0.0,
      0.0,
      0.13678021042334837,
      -2.172019082185578
    ]
  ],
  "metrics": {
    "final_bessel_relative_error": 0.0,
    "maximum_eigenvalue": 9.00846363925679e-18,
    "maximum_invariant_residual": 5.551115123125783e-17,
    "maximum_projection_relative_error": 3.1316539653265556e-13,
    "published_coefficient_maximum_absolute_error": 1.1102230246251565e-16,
    "symmetry_maximum_absolute_error": 8.326672684688674e-17
  },
  "precision_decimal_digits": 80,
  "references": [
    {
      "equations": [
        "3.41",
        "3.48",
        "3.49",
        "3.50"
      ],
      "title": "Frei et al. (2021), advanced gyrokinetic collision operators",
      "url": "https://arxiv.org/abs/2104.11480"
    },
    {
      "tests": [
        "conservation",
        "H-theorem",
        "Maxwellian null space"
      ],
      "title": "Abel et al. (2008), collision-operator physical constraints",
      "url": "https://arxiv.org/abs/0808.1300"
    }
  ],
  "thresholds": {
    "final_bessel_relative_error": 5e-09,
    "maximum_eigenvalue": 1e-12,
    "maximum_invariant_residual": 5e-12,
    "maximum_projection_relative_error": 5e-09,
    "published_coefficient_maximum_absolute_error": 5e-12,
    "symmetry_maximum_absolute_error": 5e-12
  },
  "truncation": {
    "coefficient": "Pi^(3,1,1)(b=1.8)",
    "orders": [
      0,
      1,
      2,
      3,
      4,
      6,
      8,
      12
    ],
    "reference_order": 24,
    "reference_value": -0.6054733855025514,
    "relative_errors": [
      0.3659904457216309,
      0.05660550806800982,
      0.01143596323295617,
      0.006267082368180291,
      0.000732371595636465,
      1.1911178297920701e-06,
      3.516044758504394e-10,
      0.0
    ],
    "values": [
      -0.38387591126988774,
      -0.5712002568945215,
      -0.5985492141274107,
      -0.6016788339238659,
      -0.6050299539930954,
      -0.6054726643124064,
      -0.6054733852896642,
      -0.6054733855025514
    ]
  }
}
