ky,gamma_ref,omega_ref,gamma_full,omega_full,abs_gamma,abs_omega,rel_gamma,rel_omega
0.200,0.075014,0.177876,0.058612,0.182851,0.058612,0.182851,-0.219,0.028
0.300,0.093018,0.281990,0.079992,0.285607,0.079992,0.285607,-0.140,0.013
0.400,0.080897,0.374950,0.073497,0.381301,0.073497,0.381301,-0.091,0.017
