ky,gamma_ref,omega_ref,gamma_full,omega_full,abs_gamma,abs_omega,rel_gamma,rel_omega
0.200,0.075022,0.177868,-0.832911,5.968114,0.832911,5.968114,10.102,32.554
0.300,0.093030,0.281994,0.295701,9.533089,0.295701,9.533089,2.179,32.806
0.400,0.080910,0.374944,-0.305175,8.950375,0.305175,8.950375,2.772,22.871
