ky,gamma_ref,omega_ref,gamma_spectrax,omega_spectrax,rel_gamma,rel_omega
0.300,0.093018,0.281990,6.768622,-25.478339,71.767,-91.352
0.400,0.080897,0.374950,6.792336,-25.533016,82.963,-69.097
