ky,gamma_low,gamma_high,omega_low,omega_high,rel_gamma_change,rel_omega_change
0.300,-0.119171,-0.138935,1.011607,-0.811080,0.142,2.247
0.400,-0.005836,-0.108986,0.476321,1.273121,0.946,0.626
