ky,gamma_low,gamma_high,omega_low,omega_high,rel_gamma_change,rel_omega_change
0.300,0.110048,0.115115,0.351916,0.280369,0.044,-0.255
0.400,0.085767,0.122447,0.501859,0.382250,0.300,-0.313
