ky,gamma_ref,omega_ref,gamma_spectrax,omega_spectrax,rel_gamma,rel_omega
0.300,0.093030,0.281994,-0.134431,2.619429,-2.445,8.289
0.400,0.080910,0.374944,-0.237263,2.953607,-3.932,6.877
