ky,gamma_low,gamma_high,omega_low,omega_high,rel_gamma_change,rel_omega_change
0.300,-0.376229,10.643071,-0.560730,3.881252,1.035,1.144
0.400,0.233491,0.317926,0.592905,0.761050,0.266,0.221
