ky,gamma_ref,omega_ref,gamma_spectrax,omega_spectrax,rel_gamma,rel_omega
0.300,0.093030,0.281994,-0.259690,1.250710,-3.791,3.435
0.400,0.080910,0.374944,-0.248498,1.709800,-4.071,3.560
