ky,gamma_ref,omega_ref,gamma_spectrax,omega_spectrax,rel_gamma,rel_omega
0.050,0.009824,0.036540,0.010436,0.041243,0.062,0.129
0.100,0.030426,0.079845,0.033441,0.082976,0.099,0.039
0.150,0.054971,0.126847,0.052793,0.139332,-0.040,0.098
0.200,0.075022,0.177868,0.074716,0.185816,-0.004,0.045
0.250,0.088412,0.230438,0.088197,0.239150,-0.002,0.038
0.300,0.093030,0.281994,0.092239,0.291084,-0.008,0.032
0.350,0.089845,0.330795,0.087943,0.341506,-0.021,0.032
0.400,0.080910,0.374944,0.075449,0.390398,-0.067,0.041
