Nl,Nm,ky,gamma_ref,omega_ref,gamma,omega,rel_gamma,rel_omega
16,48,0.45000002,0.0684876,0.41535741,0.055698576,0.42445051,-0.18673488,0.021892237
