ky,gamma_ref,omega_ref,gamma_spectrax,omega_spectrax,rel_gamma,rel_omega
0.300,0.093018,0.281990,0.406200,-0.501526,3.367,-2.779
0.400,0.080897,0.374950,0.099365,0.336548,0.228,-0.102
