ky,gamma_low,gamma_high,omega_low,omega_high,rel_gamma_change,rel_omega_change
0.300,0.126833,0.133542,0.347797,0.299849,0.050,-0.160
0.400,0.097267,0.133484,0.479073,0.408738,0.271,-0.172
