Nl,Nm,ky,gamma_ref,omega_ref,gamma,omega,rel_gamma,rel_omega
6,12,0.45000002,0.0684876,0.41535741,0.057018937,0.47434944,-0.16745605,0.14202716
8,16,0.45000002,0.0684876,0.41535741,0.086704211,0.41405505,0.26598408,-0.0031355248
12,24,0.45000002,0.0684876,0.41535741,0.074691212,0.44892843,0.090580076,0.080824426
16,32,0.45000002,0.0684876,0.41535741,0.069356649,0.40551784,0.01268914,-0.023689416
