ky,gamma_low,gamma_high,omega_low,omega_high,rel_gamma_change,rel_omega_change
0.300,0.101022,0.101076,0.287354,0.281595,0.001,-0.020
0.400,0.092902,0.089234,0.377965,0.374972,-0.041,-0.008
