ky,gamma_low,gamma_high,omega_low,omega_high,rel_gamma_change,rel_omega_change
0.300,0.082251,0.082251,0.298441,0.298441,0.000,0.000
0.400,0.068979,0.068979,0.391381,0.391381,0.000,0.000
