ky,gamma_ref,omega_ref,gamma_full,omega_full,abs_gamma,abs_omega,rel_gamma,rel_omega
0.200,0.075022,0.177868,-0.078957,0.375016,0.078957,0.375016,0.052,1.108
0.300,0.093030,0.281994,-0.107260,-0.731539,0.107260,0.731539,0.153,1.594
0.400,0.080910,0.374944,-0.042916,1.551415,0.042916,1.551415,-0.470,3.138
