ky,gamma_ref,omega_ref,gamma_spectrax,omega_spectrax,rel_gamma,rel_omega
0.300,0.093030,0.281994,0.126833,0.347797,0.363,0.233
0.400,0.080910,0.374944,0.097267,0.479073,0.202,0.278
