ky,gamma_ref,omega_ref,gamma_gx,omega_gx,abs_gamma,abs_omega,rel_gamma,rel_omega
0.200,0.075014,0.177876,0.156324,-0.427805,0.156324,0.427805,1.084,1.405
0.300,0.093018,0.281990,0.215831,-0.532828,0.215831,0.532828,1.320,0.890
0.400,0.080897,0.374950,-0.019790,-0.908293,0.019790,0.908293,-0.755,1.422
