ky,gamma_ref,omega_ref,gamma_full,omega_full,abs_gamma,abs_omega,rel_gamma,rel_omega
0.200,0.075014,0.177876,0.205640,0.056518,0.205640,0.056518,1.741,-0.682
0.300,0.093018,0.281990,0.088563,0.298558,0.088563,0.298558,-0.048,0.059
0.400,0.080897,0.374950,0.138552,-0.023017,0.138552,0.023017,0.713,-0.939
