ky,gamma_low,gamma_high,omega_low,omega_high,rel_gamma_change,rel_omega_change
0.300,-0.010886,-0.134431,0.815490,2.619429,0.919,0.689
0.400,-0.039371,-0.237263,0.748458,2.953607,0.834,0.747
