ky,gamma_ref,omega_ref,gamma_spectrax,omega_spectrax,rel_gamma,rel_omega
0.300,0.093018,0.281990,0.072652,0.336011,-0.219,0.192
0.400,0.080897,0.374950,0.104874,0.369025,0.296,-0.016
