ky,gamma_ref,omega_ref,gamma_spectrax,omega_spectrax,rel_gamma,rel_omega
0.300,0.093030,0.281994,-0.119171,1.011607,-2.281,2.587
0.400,0.080910,0.374944,-0.005836,0.476321,-1.072,0.270
