ky,gamma_ref,omega_ref,gamma_spectrax,omega_spectrax,rel_gamma,rel_omega
0.300,0.093030,0.281994,-0.010886,0.815490,-1.117,1.892
0.400,0.080910,0.374944,-0.039371,0.748458,-1.487,0.996
