ky,gamma_ref,omega_ref,gamma_spectrax,omega_spectrax,rel_gamma,rel_omega
0.300,0.093030,0.281994,-0.048215,0.549024,-1.518,0.947
0.400,0.080910,0.374944,0.016719,0.562805,-0.793,0.501
