ky,gamma_ref,omega_ref,gamma_spectrax,omega_spectrax,rel_gamma,rel_omega
0.300,0.093018,0.281990,10.643071,3.881252,113.420,12.764
0.400,0.080897,0.374950,0.317926,0.761050,2.930,1.030
