ky,gamma_ref,omega_ref,gamma_spectrax,omega_spectrax,rel_gamma,rel_omega
0.300,0.093018,0.281990,0.101076,0.281595,0.087,-0.001
0.400,0.080897,0.374950,0.089234,0.374972,0.103,0.000
