Nl,Nm,ky,gamma_ref,omega_ref,gamma,omega,rel_gamma,rel_omega
16,32,0.45000002,0.0684876,0.41535741,0.055647517,0.42563748,-0.18748041,0.024749931
