ky,gamma_ref,omega_ref,gamma_spectrax,omega_spectrax,rel_gamma,rel_omega
0.300,0.093030,0.281994,0.082251,0.298441,-0.116,0.058
0.400,0.080910,0.374944,0.068979,0.391381,-0.147,0.044
