ky,gamma_ref,omega_ref,gamma_full,omega_full,abs_gamma,abs_omega,rel_gamma,rel_omega
0.200,0.075022,0.177868,0.073904,0.202430,0.073904,0.202430,-0.015,0.138
0.300,0.093030,0.281994,0.098966,0.306190,0.098966,0.306190,0.064,0.086
0.400,0.080910,0.374944,0.094022,0.403920,0.094022,0.403920,0.162,0.077
