ky,kx_ref,kx_local,mean_abs_omega,mean_rel_omega,mean_abs_gamma,mean_rel_gamma,mean_rel_Wg,mean_rel_Wphi,mean_rel_Wapar,omega_last,omega_ref_last,gamma_last,gamma_ref_last
0.05,0.0,0.0,0.00022413683482434688,0.007863138255128193,0.0001843359757622809,0.014948256129470166,0.05073366305333223,1.4234427745114691e-05,0.0,0.02832527749723152,0.028820153325796127,0.012058352190593877,0.01229117065668106
0.1,0.0,0.0,0.0049765708900633,0.0829791808546794,0.0126502234763133,0.9913328182701762,0.2137424292192253,0.0007437666691375,0.0,0.0579244717955589,0.0588805638253688,0.0374019779264926,0.0328615121543407
0.2,0.0,0.0,0.0036811343970752,0.028470711469589,0.0092048131461654,0.981766806938144,0.3214169061680562,0.3146612542901392,0.0,0.1281132400035858,0.1295372247695922,0.0873328149318695,0.0848418325185775
0.3,0.0,0.0,0.0038101346010253,0.0177249900260555,0.0074286228015331,1.0824479905882345,0.189845270335423,0.1864082154809402,0.0,0.2126628458499908,0.2154706120491027,0.1282666623592376,0.125875324010849
0.4,0.0,0.0,0.0048572729031244,0.0157842793410489,0.007688354573024,1.1173538716736793,0.0918403901954587,0.086308008581403,0.0,0.302544891834259,0.3066961467266083,0.1467863023281097,0.1431207060813903
0.5,0.0,0.0,0.0056241557711646,0.0141687843819526,0.010874052105854,1.0995127862706489,0.359018245576481,0.380002314487996,0.0,0.3890727162361145,0.3939810395240783,0.1443061381578445,0.13642418384552
