ky,gamma_low,gamma_high,omega_low,omega_high,rel_gamma_change,rel_omega_change
0.300,-0.048215,-0.259690,0.549024,1.250710,0.814,0.561
0.400,0.016719,-0.248498,0.562805,1.709800,1.067,0.671
