ky,gamma_ref,omega_ref,gamma_spectrax,omega_spectrax,rel_gamma,rel_omega
0.300,0.093030,0.281994,0.133542,0.299849,0.435,0.063
0.400,0.080910,0.374944,0.133484,0.408738,0.650,0.090
