ky,gamma_ref,omega_ref,gamma_full,omega_full,abs_gamma,abs_omega,rel_gamma,rel_omega
0.200,0.075022,0.177868,0.076548,0.202498,0.076548,0.202498,0.020,0.138
0.300,0.093030,0.281994,0.101190,0.306318,0.101190,0.306318,0.088,0.086
0.400,0.080910,0.374944,0.093990,0.404596,0.093990,0.404596,0.162,0.079
