ky,gamma_low,gamma_high,omega_low,omega_high,rel_gamma_change,rel_omega_change
0.300,0.072652,6.768622,0.336011,-25.478339,0.989,1.013
0.400,0.104874,6.792336,0.369025,-25.533016,0.985,1.014
