ky,gamma_ref,omega_ref,gamma_spectrax,omega_spectrax,rel_gamma,rel_omega
0.300,0.093018,0.281990,0.004763,-0.467756,-0.949,-2.659
0.400,0.080897,0.374950,0.192190,0.401215,1.376,0.070
