ky,gamma_ref,omega_ref,gamma_full,omega_full,abs_gamma,abs_omega,rel_gamma,rel_omega
0.200,0.075014,0.177876,11.347842,-33.207315,11.347842,33.207315,150.277,185.688
0.300,0.093018,0.281990,11.120349,-33.021661,11.120349,33.021661,118.551,116.102
0.400,0.080897,0.374950,10.984292,-32.858149,10.984292,32.858149,134.782,86.633
