ky,gamma_ref,omega_ref,gamma_spectrax,omega_spectrax,rel_gamma,rel_omega
0.300,0.093030,0.281994,-0.138935,-0.811080,-2.493,-3.876
0.400,0.080910,0.374944,-0.108986,1.273121,-2.347,2.395
