ky,kx_ref,kx_local,mean_abs_omega,mean_rel_omega,mean_abs_gamma,mean_rel_gamma,mean_rel_Wg,mean_rel_Wphi,mean_rel_Wapar,omega_last,omega_ref_last,gamma_last,gamma_ref_last
0.05,0.0,0.0,0.0035951112929199424,0.1289907855229164,0.010904579201763097,1.2279898264031721,0.010032670217424086,1.967050750056172e-06,0.0,0.027571553364396095,0.028820153325796127,0.01590534672141075,0.01229117065668106
0.1,0.0,0.0,0.004976570890063332,0.08297918085467948,0.01265022347631332,0.9913328182701762,0.2137424292192253,0.0007437666691375017,0.0,0.05792447179555893,0.05888056382536888,0.03740197792649269,0.032861512154340744
0.2,0.0,0.0,0.0036811343970752897,0.02847071146958909,0.009204813146165438,0.9817668069381439,0.3214169061680562,0.31466125429013925,0.0,0.12811324000358582,0.12953722476959229,0.0873328149318695,0.08484183251857758
0.3,0.0,0.0,0.0038101346010253542,0.01772499002605555,0.0074286228015331465,1.0824479905882345,0.18984527033542306,0.18640821548094022,0.0,0.21266284584999084,0.21547061204910278,0.12826666235923767,0.125875324010849
0.4,0.0,0.0,0.004857272903124491,0.0157842793410489,0.007688354573024082,1.1173538716736793,0.09184039019545875,0.08630800858140306,0.0,0.30254489183425903,0.3066961467266083,0.14678630232810974,0.14312070608139038
0.5,0.0,0.0,0.005624155771164667,0.014168784381952675,0.010874052105854,1.0995127862706489,0.35901824557648104,0.38000231448799604,0.0,0.3890727162361145,0.39398103952407837,0.14430613815784454,0.13642418384552002
