ky,gamma_low,gamma_high,omega_low,omega_high,rel_gamma_change,rel_omega_change
0.300,0.094845,0.406200,0.291736,-0.501526,0.767,1.582
0.400,0.165510,0.099365,0.511024,0.336548,-0.666,-0.518
