ky,gamma_ref,omega_ref,gamma_full,omega_full,abs_gamma,abs_omega,rel_gamma,rel_omega
0.200,0.075022,0.177868,0.064387,0.177482,0.064387,0.177482,-0.142,-0.002
0.300,0.093030,0.281994,0.092994,0.288175,0.092994,0.288175,-0.000,0.022
0.400,0.080910,0.374944,0.087555,0.384075,0.087555,0.384075,0.082,0.024
