ky,gamma_ref,omega_ref,gamma_spectrax,omega_spectrax,rel_gamma,rel_omega
0.300,0.093030,0.281994,0.110048,0.351916,0.183,0.248
0.400,0.080910,0.374944,0.085767,0.501859,0.060,0.338
