ky,gamma_ref,omega_ref,gamma_spectrax,omega_spectrax,rel_gamma,rel_omega
0.300,0.093018,0.281990,0.101022,0.287354,0.086,0.019
0.400,0.080897,0.374950,0.092902,0.377965,0.148,0.008
