ky,gamma_ref,omega_ref,gamma_spectrax,omega_spectrax,rel_gamma,rel_omega
0.050,0.009824,0.036540,0.010370,0.034623,0.056,-0.052
0.100,0.030426,0.079845,0.030923,0.076318,0.016,-0.044
0.150,0.054971,0.126847,0.059501,0.120869,0.082,-0.047
0.200,0.075022,0.177868,0.068669,0.176769,-0.085,-0.006
0.250,0.088412,0.230438,0.085835,0.234918,-0.029,0.019
0.300,0.093030,0.281994,0.092646,0.283882,-0.004,0.007
0.350,0.089845,0.330795,0.087650,0.332307,-0.024,0.005
0.400,0.080910,0.374944,0.079768,0.376434,-0.014,0.004
