ky,gamma_ref,omega_ref,gamma_spectrax,omega_spectrax,rel_gamma,rel_omega
0.300,0.093030,0.281994,0.115115,0.280369,0.237,-0.006
0.400,0.080910,0.374944,0.122447,0.382250,0.513,0.019
