R_over_LTe,gamma,omega
4.00,5.316841,-5.171728
6.00,7.338333,-5.499880
8.00,8.891476,-5.862166
10.00,10.190720,-6.097116
