R_over_LTe,gamma,omega
4.00,6.806424,-5.505117
6.00,8.583346,-5.672462
8.00,9.714312,-4.788395
10.00,11.225953,-5.078448
