ky,gamma_ref,omega_ref,gamma_spectrax,omega_spectrax,rel_gamma,rel_omega
10.000,2.352571,-4.430647,5.317821,-4.002664,1.260,-0.097
20.000,4.442541,-9.846566,-8.501202,-7.917011,-2.914,-0.196
30.000,4.568148,-14.928421,-23.546868,-13.556368,-6.155,-0.092
