ky,gamma_ref,omega_ref,gamma_spectrax,omega_spectrax,rel_gamma,rel_omega
10.000,4.036936,-8.701438,3.907556,-9.117507,-0.032,0.048
20.000,6.249921,-18.399197,6.355421,-19.008572,0.017,0.033
30.000,4.702631,-26.321447,4.883161,-27.329979,0.038,0.038
