R_over_LTe,gamma,omega
4.00,6.898298,-7.420096
6.00,8.716778,-7.437125
8.00,10.065932,-7.222743
10.00,11.112644,-7.228332
