R_over_LTe,gamma,omega
4.00,607.093525,-132.920270
6.00,606.871320,-132.749432
8.00,606.702508,-132.402072
10.00,606.745432,-99.021469
