ky,gamma_ref,omega_ref,gamma_spectrax,omega_spectrax,rel_gamma,rel_omega
10.000,2.352571,-4.430647,8.922819,-9.189371,2.793,1.074
20.000,4.442541,-9.846566,-20.577946,-7.035983,-5.632,-0.285
30.000,4.568148,-14.928421,-21.165866,-13.438814,-5.633,-0.100
