R_over_LTe,gamma,omega
4.00,5.396458,-4.390395
6.00,7.461619,-4.778846
8.00,9.121902,-5.039307
10.00,10.545412,-5.252831
