R_over_LTe,gamma,omega
4.00,3.513117,-0.973857
6.00,4.587748,-1.118438
8.00,5.497497,-1.261664
10.00,6.282482,-1.359537
