R_over_LTe,gamma,omega
4.00,5.630341,-3.586721
6.00,7.716967,-3.952248
8.00,9.494994,-4.256368
10.00,11.063045,-4.525629
