R_over_LTe,gamma,omega
4.00,1.880935,-4.406407
6.00,2.950805,-4.841628
8.00,3.787457,-5.185407
10.00,4.485911,-5.479669
