R_over_LTe,gamma,omega
4.00,367.463420,-14.443748
6.00,367.821248,-37.222192
8.00,366.847070,-27.612396
10.00,367.111913,-25.414412
