R_over_LTe,gamma,omega
4.00,1.354811,-9.396893
6.00,2.295882,-6.539458
8.00,4.619344,-5.874491
10.00,5.195138,-5.383525
