R_over_LTe,gamma,omega
4.00,3.549579,-4.843932
6.00,5.459143,-5.589805
8.00,7.111736,-6.180870
10.00,8.596558,-6.674554
