ky,gamma_ref,omega_ref,gamma_gkx,omega_gkx,rel_gamma,rel_omega
10.000,4.003643,-8.726195,4.002765,-8.706666,-0.000,-0.002
20.000,6.185807,-18.525770,6.186927,-18.527647,0.000,0.000
30.000,3.878223,-26.544748,3.880680,-26.544902,0.001,0.000
