R_over_LTe,gamma,omega
4.00,7.165677,-34.635674
6.00,10.249953,-33.669102
8.00,9.870941,-26.883488
10.00,11.338666,-24.015451
