R_over_LTe,gamma,omega
4.00,3.580154,-0.954541
6.00,4.588979,-1.123095
8.00,5.502248,-1.248569
10.00,6.281870,-1.367562
