R_over_LTe,gamma,omega
4.00,5.419393,-4.135082
6.00,7.394345,-4.455068
8.00,-23.543168,-5.492720
10.00,-23.094601,-6.538838
