ky,gamma_ref,omega_ref,gamma_spectrax,omega_spectrax,rel_gamma,rel_omega
10.000,2.352571,-4.430647,4.483631,-3.902551,0.906,-0.119
20.000,4.442541,-9.846566,74.022081,-55.713001,15.662,4.658
30.000,4.568148,-14.928421,54.795647,-4.718315,10.995,-0.684
