R_over_LTe,gamma,omega
4.00,5.495485,-4.088561
6.00,7.316205,-4.504936
8.00,8.976544,-4.813629
10.00,9.101076,-5.070362
