{
  "claim_level": "finite_nonlinear_feasibility_not_transport_validation",
  "csv": "docs/_static/external_vmec_itermodel_nonlinear_t350_n64_pilot.traces.csv",
  "heat_flux_last": 24.08743667602539,
  "kind": "nonlinear_feasibility_pilot",
  "label": "ITERModel external VMEC, Nx=Ny=64, Nz=40, t=350",
  "least_trending_window": {
    "heat_flux_last": 24.08743667602539,
    "heat_flux_mean": 22.046746492385864,
    "heat_flux_relative_slope_per_time": 0.0002820896083094321,
    "heat_flux_slope": 0.006219158082534474,
    "heat_flux_std": 3.434397669803179,
    "n_samples": 72,
    "start_fraction": 0.5,
    "start_index": 71,
    "tmax": 350.0075378417969,
    "tmin": 175.054443359375,
    "wphi_last": 8.069780349731445,
    "wphi_mean": 8.064827428923714,
    "wphi_std": 1.2863890137620984
  },
  "n_samples": 143,
  "pdf": "docs/_static/external_vmec_itermodel_nonlinear_t350_n64_pilot.pdf",
  "png": "docs/_static/external_vmec_itermodel_nonlinear_t350_n64_pilot.png",
  "promotion_gate": {
    "passed": false,
    "reason": "feasibility pilot only; no external nonlinear transport acceptance gate is defined"
  },
  "source": "tools_out/itermodel_holdout/ITERModel_reference_nonlinear_t350_n64.out.nc",
  "tmax": 350.0075378417969,
  "tmin": 0.05000000074505806,
  "wg_last": 553.754150390625,
  "window_summaries": [
    {
      "heat_flux_last": 24.08743667602539,
      "heat_flux_mean": 22.046746492385864,
      "heat_flux_relative_slope_per_time": 0.0002820896083094321,
      "heat_flux_slope": 0.006219158082534474,
      "heat_flux_std": 3.434397669803179,
      "n_samples": 72,
      "start_fraction": 0.5,
      "start_index": 71,
      "tmax": 350.0075378417969,
      "tmin": 175.054443359375,
      "wphi_last": 8.069780349731445,
      "wphi_mean": 8.064827428923714,
      "wphi_std": 1.2863890137620984
    },
    {
      "heat_flux_last": 24.08743667602539,
      "heat_flux_mean": 22.43612154598894,
      "heat_flux_relative_slope_per_time": -0.0003377736422084572,
      "heat_flux_slope": -0.0075783304916203255,
      "heat_flux_std": 3.692468386749646,
      "n_samples": 58,
      "start_fraction": 0.6,
      "start_index": 85,
      "tmax": 350.0075378417969,
      "tmin": 210.05392456054688,
      "wphi_last": 8.069780349731445,
      "wphi_mean": 8.215624061124078,
      "wphi_std": 1.3831608905548538
    },
    {
      "heat_flux_last": 24.08743667602539,
      "heat_flux_mean": 22.867430354273598,
      "heat_flux_relative_slope_per_time": -0.00217456837641718,
      "heat_flux_slope": -0.04972679089832568,
      "heat_flux_std": 4.195547360126853,
      "n_samples": 43,
      "start_fraction": 0.7,
      "start_index": 100,
      "tmax": 350.0075378417969,
      "tmin": 247.555908203125,
      "wphi_last": 8.069780349731445,
      "wphi_mean": 8.503712243812029,
      "wphi_std": 1.4836464046580184
    },
    {
      "heat_flux_last": 24.08743667602539,
      "heat_flux_mean": 22.321484598620184,
      "heat_flux_relative_slope_per_time": -0.005231652731614566,
      "heat_flux_slope": -0.11677825587406374,
      "heat_flux_std": 4.756376469325575,
      "n_samples": 29,
      "start_fraction": 0.8,
      "start_index": 114,
      "tmax": 350.0075378417969,
      "tmin": 280.0558776855469,
      "wphi_last": 8.069780349731445,
      "wphi_mean": 8.674580590478305,
      "wphi_std": 1.7590444486652994
    }
  ],
  "wphi_last": 8.069780349731445
}
