{
  "claim_level": "finite_long_nonlinear_feasibility_not_transport_validation",
  "csv": "docs/_static/external_vmec_updown_asym_nonlinear_t450_n48_pilot.traces.csv",
  "heat_flux_last": 7.987200736999512,
  "kind": "nonlinear_feasibility_pilot",
  "label": "48x48x32",
  "least_trending_window": {
    "heat_flux_last": 7.987200736999512,
    "heat_flux_mean": 7.8215795414788385,
    "heat_flux_relative_slope_per_time": -0.0001256544510084037,
    "heat_flux_slope": -0.0009828162833030853,
    "heat_flux_std": 0.5573522779265857,
    "n_samples": 56,
    "start_fraction": 0.7,
    "start_index": 128,
    "tmax": 450.009033203125,
    "tmin": 315.055419921875,
    "wphi_last": 4.512198448181152,
    "wphi_mean": 5.002084502152035,
    "wphi_std": 0.7847383691794
  },
  "n_samples": 184,
  "pdf": "docs/_static/external_vmec_updown_asym_nonlinear_t450_n48_pilot.pdf",
  "png": "docs/_static/external_vmec_updown_asym_nonlinear_t450_n48_pilot.png",
  "promotion_gate": {
    "passed": false,
    "reason": "feasibility pilot only; no external nonlinear transport acceptance gate is defined"
  },
  "source": "tools_out/updown_asym_holdout/up_down_asymmetric_tokamak_reference_nonlinear_t450_n48.out.nc",
  "tmax": 450.009033203125,
  "tmin": 0.05000000074505806,
  "wg_last": 319.41949462890625,
  "window_summaries": [
    {
      "heat_flux_last": 7.987200736999512,
      "heat_flux_mean": 7.431004171786101,
      "heat_flux_relative_slope_per_time": 0.000781480128512812,
      "heat_flux_slope": 0.005807182095146644,
      "heat_flux_std": 0.6852867350647843,
      "n_samples": 92,
      "start_fraction": 0.5,
      "start_index": 92,
      "tmax": 450.009033203125,
      "tmin": 227.5546875,
      "wphi_last": 4.512198448181152,
      "wphi_mean": 4.778263664763907,
      "wphi_std": 0.7575107376508781
    },
    {
      "heat_flux_last": 7.987200736999512,
      "heat_flux_mean": 7.552239714442073,
      "heat_flux_relative_slope_per_time": 0.0008169037294806709,
      "heat_flux_slope": 0.006169452788659766,
      "heat_flux_std": 0.6930709814963664,
      "n_samples": 74,
      "start_fraction": 0.6,
      "start_index": 110,
      "tmax": 450.009033203125,
      "tmin": 270.0560302734375,
      "wphi_last": 4.512198448181152,
      "wphi_mean": 4.918728000408894,
      "wphi_std": 0.7392481423581572
    },
    {
      "heat_flux_last": 7.987200736999512,
      "heat_flux_mean": 7.8215795414788385,
      "heat_flux_relative_slope_per_time": -0.0001256544510084037,
      "heat_flux_slope": -0.0009828162833030853,
      "heat_flux_std": 0.5573522779265857,
      "n_samples": 56,
      "start_fraction": 0.7,
      "start_index": 128,
      "tmax": 450.009033203125,
      "tmin": 315.055419921875,
      "wphi_last": 4.512198448181152,
      "wphi_mean": 5.002084502152035,
      "wphi_std": 0.7847383691794
    },
    {
      "heat_flux_last": 7.987200736999512,
      "heat_flux_mean": 7.8841951731089,
      "heat_flux_relative_slope_per_time": -0.0015973368890786217,
      "heat_flux_slope": -0.012593715790702455,
      "heat_flux_std": 0.5644394903387205,
      "n_samples": 37,
      "start_fraction": 0.8,
      "start_index": 147,
      "tmax": 450.009033203125,
      "tmin": 360.05755615234375,
      "wphi_last": 4.512198448181152,
      "wphi_mean": 5.142652234515628,
      "wphi_std": 0.8891700379361368
    }
  ],
  "wphi_last": 4.512198448181152
}
