{
  "claim_level": "finite_high_grid_long_nonlinear_feasibility_not_yet_transport_validation",
  "csv": "docs/_static/external_vmec_dshape_nonlinear_t150_n64_pilot.traces.csv",
  "heat_flux_last": 19.737878799438477,
  "kind": "nonlinear_feasibility_pilot",
  "label": "D-shaped tokamak external VMEC, Nx=Ny=64, Nz=40, t=150",
  "least_trending_window": {
    "heat_flux_last": 19.737878799438477,
    "heat_flux_mean": 21.309160966139572,
    "heat_flux_relative_slope_per_time": -0.00037005211211126943,
    "heat_flux_slope": -0.007885500022838967,
    "heat_flux_std": 1.2549806261018073,
    "n_samples": 13,
    "start_fraction": 0.8,
    "start_index": 48,
    "tmax": 150.00454711914062,
    "tmin": 120.05272674560547,
    "wphi_last": 5.831461429595947,
    "wphi_mean": 5.443693271050086,
    "wphi_std": 0.413620391007288
  },
  "n_samples": 61,
  "pdf": "docs/_static/external_vmec_dshape_nonlinear_t150_n64_pilot.pdf",
  "png": "docs/_static/external_vmec_dshape_nonlinear_t150_n64_pilot.png",
  "promotion_gate": {
    "passed": false,
    "reason": "feasibility pilot only; no external nonlinear transport acceptance gate is defined"
  },
  "source": "tools_out/dshape_nonlinear_t150_n64.out.nc",
  "tmax": 150.00454711914062,
  "tmin": 0.05000000074505806,
  "wg_last": 482.04632568359375,
  "window_summaries": [
    {
      "heat_flux_last": 19.737878799438477,
      "heat_flux_mean": 20.26300141119188,
      "heat_flux_relative_slope_per_time": 0.0012818315926001818,
      "heat_flux_slope": 0.025973755369767818,
      "heat_flux_std": 1.7365739035951493,
      "n_samples": 31,
      "start_fraction": 0.5,
      "start_index": 30,
      "tmax": 150.00454711914062,
      "tmin": 75.04998016357422,
      "wphi_last": 5.831461429595947,
      "wphi_mean": 5.207524222712363,
      "wphi_std": 0.4287877735468247
    },
    {
      "heat_flux_last": 19.737878799438477,
      "heat_flux_mean": 20.36784980773926,
      "heat_flux_relative_slope_per_time": 0.0015268438041643251,
      "heat_flux_slope": 0.03109852528309623,
      "heat_flux_std": 1.6503110682980264,
      "n_samples": 25,
      "start_fraction": 0.6,
      "start_index": 36,
      "tmax": 150.00454711914062,
      "tmin": 90.05089569091797,
      "wphi_last": 5.831461429595947,
      "wphi_mean": 5.3283702087402345,
      "wphi_std": 0.37473954095334167
    },
    {
      "heat_flux_last": 19.737878799438477,
      "heat_flux_mean": 20.42897013614052,
      "heat_flux_relative_slope_per_time": 0.0031653505180843492,
      "heat_flux_slope": 0.06466485120436209,
      "heat_flux_std": 1.820103411097383,
      "n_samples": 19,
      "start_fraction": 0.7,
      "start_index": 42,
      "tmax": 150.00454711914062,
      "tmin": 105.05181121826172,
      "wphi_last": 5.831461429595947,
      "wphi_mean": 5.344911023190147,
      "wphi_std": 0.4196211712811741
    },
    {
      "heat_flux_last": 19.737878799438477,
      "heat_flux_mean": 21.309160966139572,
      "heat_flux_relative_slope_per_time": -0.00037005211211126943,
      "heat_flux_slope": -0.007885500022838967,
      "heat_flux_std": 1.2549806261018073,
      "n_samples": 13,
      "start_fraction": 0.8,
      "start_index": 48,
      "tmax": 150.00454711914062,
      "tmin": 120.05272674560547,
      "wphi_last": 5.831461429595947,
      "wphi_mean": 5.443693271050086,
      "wphi_std": 0.413620391007288
    }
  ],
  "wphi_last": 5.831461429595947
}
