{
  "claim_level": "finite_nonlinear_feasibility_grid_gate_pending",
  "csv": "docs/_static/external_vmec_shaped_tokamak_pressure_nonlinear_t450_n48_pilot.traces.csv",
  "heat_flux_last": 10.567750930786133,
  "kind": "nonlinear_feasibility_pilot",
  "label": "Shaped tokamak VMEC, Nx=Ny=48, t=450",
  "least_trending_window": {
    "heat_flux_last": 10.567750930786133,
    "heat_flux_mean": 11.45976680258046,
    "heat_flux_relative_slope_per_time": 3.2727684315321125e-05,
    "heat_flux_slope": 0.0003750516302420503,
    "heat_flux_std": 0.7519649172722119,
    "n_samples": 92,
    "start_fraction": 0.5,
    "start_index": 91,
    "tmax": 450.0136413574219,
    "tmin": 227.5592803955078,
    "wphi_last": 4.506230354309082,
    "wphi_mean": 4.237428636654563,
    "wphi_std": 0.3010785789062839
  },
  "n_samples": 183,
  "pdf": "docs/_static/external_vmec_shaped_tokamak_pressure_nonlinear_t450_n48_pilot.pdf",
  "png": "docs/_static/external_vmec_shaped_tokamak_pressure_nonlinear_t450_n48_pilot.png",
  "promotion_gate": {
    "passed": false,
    "reason": "feasibility pilot only; no external nonlinear transport acceptance gate is defined"
  },
  "source": "tools_out/external_vmec_holdouts/shaped_tokamak_pressure_reference/shaped_tokamak_pressure_reference_holdout_nonlinear_t450_n48.out.nc",
  "tmax": 450.0136413574219,
  "tmin": 0.05000000074505806,
  "wg_last": 215.5866241455078,
  "window_summaries": [
    {
      "heat_flux_last": 10.567750930786133,
      "heat_flux_mean": 11.45976680258046,
      "heat_flux_relative_slope_per_time": 3.2727684315321125e-05,
      "heat_flux_slope": 0.0003750516302420503,
      "heat_flux_std": 0.7519649172722119,
      "n_samples": 92,
      "start_fraction": 0.5,
      "start_index": 91,
      "tmax": 450.0136413574219,
      "tmin": 227.5592803955078,
      "wphi_last": 4.506230354309082,
      "wphi_mean": 4.237428636654563,
      "wphi_std": 0.3010785789062839
    },
    {
      "heat_flux_last": 10.567750930786133,
      "heat_flux_mean": 11.514473605800319,
      "heat_flux_relative_slope_per_time": -0.00015766157106015253,
      "heat_flux_slope": -0.0018153899986211378,
      "heat_flux_std": 0.7905502313675234,
      "n_samples": 74,
      "start_fraction": 0.6,
      "start_index": 109,
      "tmax": 450.0136413574219,
      "tmin": 270.0606384277344,
      "wphi_last": 4.506230354309082,
      "wphi_mean": 4.307637076120119,
      "wphi_std": 0.2800513929399079
    },
    {
      "heat_flux_last": 10.567750930786133,
      "heat_flux_mean": 11.440779477899724,
      "heat_flux_relative_slope_per_time": 7.915382717683489e-05,
      "heat_flux_slope": 0.000905581481561954,
      "heat_flux_std": 0.7628297677032035,
      "n_samples": 55,
      "start_fraction": 0.7,
      "start_index": 128,
      "tmax": 450.0136413574219,
      "tmin": 317.5601806640625,
      "wphi_last": 4.506230354309082,
      "wphi_mean": 4.31675912250172,
      "wphi_std": 0.2725440736737776
    },
    {
      "heat_flux_last": 10.567750930786133,
      "heat_flux_mean": 11.536116471161714,
      "heat_flux_relative_slope_per_time": -0.0008887994069070535,
      "heat_flux_slope": -0.010253293477579223,
      "heat_flux_std": 0.719592520521595,
      "n_samples": 37,
      "start_fraction": 0.8,
      "start_index": 146,
      "tmax": 450.0136413574219,
      "tmin": 360.0621643066406,
      "wphi_last": 4.506230354309082,
      "wphi_mean": 4.3941542006827685,
      "wphi_std": 0.24053896667237526
    }
  ],
  "wphi_last": 4.506230354309082
}
