{
  "claim_level": "finite_same_family_audit_grid_gate_pending",
  "csv": "docs/_static/external_vmec_itermodel_independent_audit_nonlinear_t450_n48_pilot.traces.csv",
  "heat_flux_last": 20.556249618530273,
  "kind": "nonlinear_feasibility_pilot",
  "label": "ITERModel VMEC audit, Nx=Ny=48, t=450",
  "least_trending_window": {
    "heat_flux_last": 20.556249618530273,
    "heat_flux_mean": 21.282271198604416,
    "heat_flux_relative_slope_per_time": 0.0011249789719384865,
    "heat_flux_slope": 0.023942107573522057,
    "heat_flux_std": 3.0838920754967094,
    "n_samples": 92,
    "start_fraction": 0.5,
    "start_index": 91,
    "tmax": 450.0136413574219,
    "tmin": 227.5592803955078,
    "wphi_last": 8.726975440979004,
    "wphi_mean": 8.674199083577031,
    "wphi_std": 1.396100305207419
  },
  "n_samples": 183,
  "pdf": "docs/_static/external_vmec_itermodel_independent_audit_nonlinear_t450_n48_pilot.pdf",
  "png": "docs/_static/external_vmec_itermodel_independent_audit_nonlinear_t450_n48_pilot.png",
  "promotion_gate": {
    "passed": false,
    "reason": "feasibility pilot only; no external nonlinear transport acceptance gate is defined"
  },
  "source": "tools_out/external_vmec_holdouts/ITERModel_reference_audit/ITERModel_reference_independent_audit_nonlinear_t450_n48.out.nc",
  "tmax": 450.0136413574219,
  "tmin": 0.05000000074505806,
  "wg_last": 571.6425170898438,
  "window_summaries": [
    {
      "heat_flux_last": 20.556249618530273,
      "heat_flux_mean": 21.282271198604416,
      "heat_flux_relative_slope_per_time": 0.0011249789719384865,
      "heat_flux_slope": 0.023942107573522057,
      "heat_flux_std": 3.0838920754967094,
      "n_samples": 92,
      "start_fraction": 0.5,
      "start_index": 91,
      "tmax": 450.0136413574219,
      "tmin": 227.5592803955078,
      "wphi_last": 8.726975440979004,
      "wphi_mean": 8.674199083577031,
      "wphi_std": 1.396100305207419
    },
    {
      "heat_flux_last": 20.556249618530273,
      "heat_flux_mean": 21.700194900100296,
      "heat_flux_relative_slope_per_time": 0.001336544223910047,
      "heat_flux_slope": 0.02900327015145131,
      "heat_flux_std": 3.18748076166859,
      "n_samples": 74,
      "start_fraction": 0.6,
      "start_index": 109,
      "tmax": 450.0136413574219,
      "tmin": 270.0606384277344,
      "wphi_last": 8.726975440979004,
      "wphi_mean": 8.81647878079801,
      "wphi_std": 1.4202919587585228
    },
    {
      "heat_flux_last": 20.556249618530273,
      "heat_flux_mean": 22.219138128107243,
      "heat_flux_relative_slope_per_time": 0.0017378023279451887,
      "heat_flux_slope": 0.03861246996396047,
      "heat_flux_std": 3.4546540736342912,
      "n_samples": 55,
      "start_fraction": 0.7,
      "start_index": 128,
      "tmax": 450.0136413574219,
      "tmin": 317.5601806640625,
      "wphi_last": 8.726975440979004,
      "wphi_mean": 9.055301068045877,
      "wphi_std": 1.546478261667659
    },
    {
      "heat_flux_last": 20.556249618530273,
      "heat_flux_mean": 22.779372395695866,
      "heat_flux_relative_slope_per_time": 0.0035566020412193737,
      "heat_flux_slope": 0.08101716236022817,
      "heat_flux_std": 3.874233209644244,
      "n_samples": 37,
      "start_fraction": 0.8,
      "start_index": 146,
      "tmax": 450.0136413574219,
      "tmin": 360.0621643066406,
      "wphi_last": 8.726975440979004,
      "wphi_mean": 9.078043422183475,
      "wphi_std": 1.7386154937169864
    }
  ],
  "wphi_last": 8.726975440979004
}
