{
  "claim_level": "finite_mid_grid_long_nonlinear_feasibility_pending_high_grid_gate",
  "csv": "docs/_static/external_vmec_dshape_nonlinear_t250_n48_pilot.traces.csv",
  "heat_flux_last": 14.216758728027344,
  "kind": "nonlinear_feasibility_pilot",
  "label": "D-shaped tokamak external VMEC, Nx=Ny=48, Nz=32, t=250",
  "least_trending_window": {
    "heat_flux_last": 14.216758728027344,
    "heat_flux_mean": 15.855895565402124,
    "heat_flux_relative_slope_per_time": 1.1952565263711154e-05,
    "heat_flux_slope": 0.00018951862656005716,
    "heat_flux_std": 1.6578930617147107,
    "n_samples": 31,
    "start_fraction": 0.7,
    "start_index": 71,
    "tmax": 250.00604248046875,
    "tmin": 175.054443359375,
    "wphi_last": 4.820721626281738,
    "wphi_mean": 4.9181106936547065,
    "wphi_std": 0.3915168081972984
  },
  "n_samples": 102,
  "pdf": "docs/_static/external_vmec_dshape_nonlinear_t250_n48_pilot.pdf",
  "png": "docs/_static/external_vmec_dshape_nonlinear_t250_n48_pilot.png",
  "promotion_gate": {
    "passed": false,
    "reason": "feasibility pilot only; no external nonlinear transport acceptance gate is defined"
  },
  "source": "tools_out/dshape_nonlinear_t250_n48.out.nc",
  "tmax": 250.00604248046875,
  "tmin": 0.05000000074505806,
  "wg_last": 349.2503967285156,
  "window_summaries": [
    {
      "heat_flux_last": 14.216758728027344,
      "heat_flux_mean": 16.075419014575434,
      "heat_flux_relative_slope_per_time": -0.00014652702686437217,
      "heat_flux_slope": -0.0023554833538047336,
      "heat_flux_std": 1.7006552430715867,
      "n_samples": 51,
      "start_fraction": 0.5,
      "start_index": 51,
      "tmax": 250.00604248046875,
      "tmin": 127.55318450927734,
      "wphi_last": 4.820721626281738,
      "wphi_mean": 4.856657084296732,
      "wphi_std": 0.388367628629389
    },
    {
      "heat_flux_last": 14.216758728027344,
      "heat_flux_mean": 16.146767220846037,
      "heat_flux_relative_slope_per_time": -0.0005686196138936076,
      "heat_flux_slope": -0.009181368542747434,
      "heat_flux_std": 1.800861730674231,
      "n_samples": 41,
      "start_fraction": 0.6,
      "start_index": 61,
      "tmax": 250.00604248046875,
      "tmin": 150.05455017089844,
      "wphi_last": 4.820721626281738,
      "wphi_mean": 4.86607951652713,
      "wphi_std": 0.41798014926200266
    },
    {
      "heat_flux_last": 14.216758728027344,
      "heat_flux_mean": 15.855895565402124,
      "heat_flux_relative_slope_per_time": 1.1952565263711154e-05,
      "heat_flux_slope": 0.00018951862656005716,
      "heat_flux_std": 1.6578930617147107,
      "n_samples": 31,
      "start_fraction": 0.7,
      "start_index": 71,
      "tmax": 250.00604248046875,
      "tmin": 175.054443359375,
      "wphi_last": 4.820721626281738,
      "wphi_mean": 4.9181106936547065,
      "wphi_std": 0.3915168081972984
    },
    {
      "heat_flux_last": 14.216758728027344,
      "heat_flux_mean": 16.237537247794016,
      "heat_flux_relative_slope_per_time": -0.004086978620587181,
      "heat_flux_slope": -0.06636246758272217,
      "heat_flux_std": 1.6569064296247689,
      "n_samples": 21,
      "start_fraction": 0.8,
      "start_index": 81,
      "tmax": 250.00604248046875,
      "tmin": 200.0540771484375,
      "wphi_last": 4.820721626281738,
      "wphi_mean": 4.9268263181050616,
      "wphi_std": 0.2668686178650284
    }
  ],
  "wphi_last": 4.820721626281738
}
