{
  "claim_level": "finite_nonlinear_feasibility_not_transport_validation",
  "csv": "docs/_static/external_vmec_itermodel_nonlinear_t350_n48_pilot.traces.csv",
  "heat_flux_last": 27.18921661376953,
  "kind": "nonlinear_feasibility_pilot",
  "label": "ITERModel external VMEC, Nx=Ny=48, Nz=32, t=350",
  "least_trending_window": {
    "heat_flux_last": 27.18921661376953,
    "heat_flux_mean": 25.404558115992053,
    "heat_flux_relative_slope_per_time": 0.00029173609784450877,
    "heat_flux_slope": 0.007411426652223567,
    "heat_flux_std": 2.253082245749309,
    "n_samples": 29,
    "start_fraction": 0.8,
    "start_index": 114,
    "tmax": 350.0075378417969,
    "tmin": 280.0558776855469,
    "wphi_last": 12.280521392822266,
    "wphi_mean": 9.871167709087503,
    "wphi_std": 1.231652937497475
  },
  "n_samples": 143,
  "pdf": "docs/_static/external_vmec_itermodel_nonlinear_t350_n48_pilot.pdf",
  "png": "docs/_static/external_vmec_itermodel_nonlinear_t350_n48_pilot.png",
  "promotion_gate": {
    "passed": false,
    "reason": "feasibility pilot only; no external nonlinear transport acceptance gate is defined"
  },
  "source": "tools_out/itermodel_holdout/ITERModel_reference_nonlinear_t350_n48.out.nc",
  "tmax": 350.0075378417969,
  "tmin": 0.05000000074505806,
  "wg_last": 734.2339477539062,
  "window_summaries": [
    {
      "heat_flux_last": 27.18921661376953,
      "heat_flux_mean": 22.413625240325928,
      "heat_flux_relative_slope_per_time": 0.001595646658342286,
      "heat_flux_slope": 0.03576422621606238,
      "heat_flux_std": 3.9542394931081044,
      "n_samples": 72,
      "start_fraction": 0.5,
      "start_index": 71,
      "tmax": 350.0075378417969,
      "tmin": 175.054443359375,
      "wphi_last": 12.280521392822266,
      "wphi_mean": 8.910840239789751,
      "wphi_std": 1.7122825230097112
    },
    {
      "heat_flux_last": 27.18921661376953,
      "heat_flux_mean": 22.653082913365857,
      "heat_flux_relative_slope_per_time": 0.0022429817465288377,
      "heat_flux_slope": 0.05081045147728392,
      "heat_flux_std": 3.9768290131751325,
      "n_samples": 58,
      "start_fraction": 0.6,
      "start_index": 85,
      "tmax": 350.0075378417969,
      "tmin": 210.05392456054688,
      "wphi_last": 12.280521392822266,
      "wphi_mean": 9.191884682096283,
      "wphi_std": 1.704668781234151
    },
    {
      "heat_flux_last": 27.18921661376953,
      "heat_flux_mean": 23.3956289956736,
      "heat_flux_relative_slope_per_time": 0.0035288894121649032,
      "heat_flux_slope": 0.08256058745377078,
      "heat_flux_std": 3.5601190240483422,
      "n_samples": 43,
      "start_fraction": 0.7,
      "start_index": 100,
      "tmax": 350.0075378417969,
      "tmin": 247.555908203125,
      "wphi_last": 12.280521392822266,
      "wphi_mean": 9.02848626292029,
      "wphi_std": 1.6150235399622273
    },
    {
      "heat_flux_last": 27.18921661376953,
      "heat_flux_mean": 25.404558115992053,
      "heat_flux_relative_slope_per_time": 0.00029173609784450877,
      "heat_flux_slope": 0.007411426652223567,
      "heat_flux_std": 2.253082245749309,
      "n_samples": 29,
      "start_fraction": 0.8,
      "start_index": 114,
      "tmax": 350.0075378417969,
      "tmin": 280.0558776855469,
      "wphi_last": 12.280521392822266,
      "wphi_mean": 9.871167709087503,
      "wphi_std": 1.231652937497475
    }
  ],
  "wphi_last": 12.280521392822266
}
