{
  "claim_level": "finite_reduced_grid_long_nonlinear_feasibility_not_grid_converged_transport_validation",
  "csv": "docs/_static/external_vmec_qh_nonlinear_t150_pilot.traces.csv",
  "heat_flux_last": 17.866687774658203,
  "kind": "nonlinear_feasibility_pilot",
  "label": "nfp4 QH external VMEC, reduced grid",
  "least_trending_window": {
    "heat_flux_last": 17.866687774658203,
    "heat_flux_mean": 19.638153752973004,
    "heat_flux_relative_slope_per_time": -0.00032479737225845094,
    "heat_flux_slope": -0.006378420734973068,
    "heat_flux_std": 1.1433141249653558,
    "n_samples": 31,
    "start_fraction": 0.5,
    "start_index": 31,
    "tmax": 150.0010223388672,
    "tmin": 77.55013275146484,
    "wphi_last": 5.775600433349609,
    "wphi_mean": 5.576757784812681,
    "wphi_std": 0.3774894919944586
  },
  "n_samples": 62,
  "pdf": "docs/_static/external_vmec_qh_nonlinear_t150_pilot.pdf",
  "png": "docs/_static/external_vmec_qh_nonlinear_t150_pilot.png",
  "promotion_gate": {
    "passed": false,
    "reason": "feasibility pilot only; no external nonlinear transport acceptance gate is defined"
  },
  "source": "tools_out/vmec_jax_qh_nonlinear_t150_probe.out.nc",
  "tmax": 150.0010223388672,
  "tmin": 0.05000000074505806,
  "wg_last": 481.65631103515625,
  "window_summaries": [
    {
      "heat_flux_last": 17.866687774658203,
      "heat_flux_mean": 19.638153752973004,
      "heat_flux_relative_slope_per_time": -0.00032479737225845094,
      "heat_flux_slope": -0.006378420734973068,
      "heat_flux_std": 1.1433141249653558,
      "n_samples": 31,
      "start_fraction": 0.5,
      "start_index": 31,
      "tmax": 150.0010223388672,
      "tmin": 77.55013275146484,
      "wphi_last": 5.775600433349609,
      "wphi_mean": 5.576757784812681,
      "wphi_std": 0.3774894919944586
    },
    {
      "heat_flux_last": 17.866687774658203,
      "heat_flux_mean": 19.48072219848633,
      "heat_flux_relative_slope_per_time": 0.0004949323796218307,
      "heat_flux_slope": 0.00964164019444866,
      "heat_flux_std": 1.147632465213402,
      "n_samples": 25,
      "start_fraction": 0.6,
      "start_index": 37,
      "tmax": 150.0010223388672,
      "tmin": 92.5510482788086,
      "wphi_last": 5.775600433349609,
      "wphi_mean": 5.651541767120361,
      "wphi_std": 0.371323580266732
    },
    {
      "heat_flux_last": 17.866687774658203,
      "heat_flux_mean": 19.82955561186138,
      "heat_flux_relative_slope_per_time": -0.0017432502181663223,
      "heat_flux_slope": -0.03456787714651857,
      "heat_flux_std": 1.0418199049996804,
      "n_samples": 19,
      "start_fraction": 0.7,
      "start_index": 43,
      "tmax": 150.0010223388672,
      "tmin": 105.05150604248047,
      "wphi_last": 5.775600433349609,
      "wphi_mean": 5.79442488519769,
      "wphi_std": 0.28420466046900617
    },
    {
      "heat_flux_last": 17.866687774658203,
      "heat_flux_mean": 19.85844450730544,
      "heat_flux_relative_slope_per_time": -0.005752996704464548,
      "heat_flux_slope": -0.1142455658063203,
      "heat_flux_std": 1.1965507887522155,
      "n_samples": 13,
      "start_fraction": 0.8,
      "start_index": 49,
      "tmax": 150.0010223388672,
      "tmin": 120.05148315429688,
      "wphi_last": 5.775600433349609,
      "wphi_mean": 5.9020460568941555,
      "wphi_std": 0.24375354617019485
    }
  ],
  "wphi_last": 5.775600433349609
}
