{
  "claim_level": "finite_higher_grid_nonlinear_feasibility_not_transport_validation",
  "csv": "docs/_static/external_vmec_cth_like_nonlinear_t150_n48_pilot.traces.csv",
  "heat_flux_last": 14.352465629577637,
  "kind": "nonlinear_feasibility_pilot",
  "label": "CTH-like external VMEC, Nx=Ny=48, Nz=32, t=150",
  "least_trending_window": {
    "heat_flux_last": 14.352465629577637,
    "heat_flux_mean": 14.541475956256573,
    "heat_flux_relative_slope_per_time": 0.0005770711094251516,
    "heat_flux_slope": 0.008391465662756148,
    "heat_flux_std": 0.2713118014075737,
    "n_samples": 13,
    "start_fraction": 0.8,
    "start_index": 48,
    "tmax": 150.00454711914062,
    "tmin": 120.05272674560547,
    "wphi_last": 4.73933744430542,
    "wphi_mean": 4.69941520690918,
    "wphi_std": 0.17769787648607976
  },
  "n_samples": 61,
  "pdf": "docs/_static/external_vmec_cth_like_nonlinear_t150_n48_pilot.pdf",
  "png": "docs/_static/external_vmec_cth_like_nonlinear_t150_n48_pilot.png",
  "promotion_gate": {
    "passed": false,
    "reason": "feasibility pilot only; no external nonlinear transport acceptance gate is defined"
  },
  "source": "tools_out/office_external_vmec/vmec_jax_cth_like_nonlinear_t150_n48_office.out.nc",
  "tmax": 150.00454711914062,
  "tmin": 0.05000000074505806,
  "wg_last": 367.98187255859375,
  "window_summaries": [
    {
      "heat_flux_last": 14.352465629577637,
      "heat_flux_mean": 12.818335163977839,
      "heat_flux_relative_slope_per_time": 0.005417945366941518,
      "heat_flux_slope": 0.06944903961357728,
      "heat_flux_std": 1.6285760681060117,
      "n_samples": 31,
      "start_fraction": 0.5,
      "start_index": 30,
      "tmax": 150.00454711914062,
      "tmin": 75.04998016357422,
      "wphi_last": 4.73933744430542,
      "wphi_mean": 4.158976362597558,
      "wphi_std": 0.5548293818309498
    },
    {
      "heat_flux_last": 14.352465629577637,
      "heat_flux_mean": 13.361396293640137,
      "heat_flux_relative_slope_per_time": 0.005050083225673956,
      "heat_flux_slope": 0.06747616329409421,
      "heat_flux_std": 1.3272104759353716,
      "n_samples": 25,
      "start_fraction": 0.6,
      "start_index": 36,
      "tmax": 150.00454711914062,
      "tmin": 90.05089569091797,
      "wphi_last": 4.73933744430542,
      "wphi_mean": 4.340088157653809,
      "wphi_std": 0.4550782775723829
    },
    {
      "heat_flux_last": 14.352465629577637,
      "heat_flux_mean": 13.908764889365749,
      "heat_flux_relative_slope_per_time": 0.004226380850530536,
      "heat_flux_slope": 0.05878373758294687,
      "heat_flux_std": 0.9797650131139081,
      "n_samples": 19,
      "start_fraction": 0.7,
      "start_index": 42,
      "tmax": 150.00454711914062,
      "tmin": 105.05181121826172,
      "wphi_last": 4.73933744430542,
      "wphi_mean": 4.550227692252712,
      "wphi_std": 0.28642170750055607
    },
    {
      "heat_flux_last": 14.352465629577637,
      "heat_flux_mean": 14.541475956256573,
      "heat_flux_relative_slope_per_time": 0.0005770711094251516,
      "heat_flux_slope": 0.008391465662756148,
      "heat_flux_std": 0.2713118014075737,
      "n_samples": 13,
      "start_fraction": 0.8,
      "start_index": 48,
      "tmax": 150.00454711914062,
      "tmin": 120.05272674560547,
      "wphi_last": 4.73933744430542,
      "wphi_mean": 4.69941520690918,
      "wphi_std": 0.17769787648607976
    }
  ],
  "wphi_last": 4.73933744430542
}
