{
  "claim_level": "finite_long_external_vmec_pilot_pending_high_grid_gate",
  "csv": "docs/_static/external_vmec_circular_holdout_nonlinear_t450_n64_pilot.traces.csv",
  "heat_flux_last": 19.815357208251953,
  "kind": "nonlinear_feasibility_pilot",
  "label": "circular external VMEC t450 n64",
  "least_trending_window": {
    "heat_flux_last": 19.815357208251953,
    "heat_flux_mean": 19.430008846324878,
    "heat_flux_relative_slope_per_time": 4.2640127994366284e-05,
    "heat_flux_slope": 0.0008284980641389619,
    "heat_flux_std": 2.5120911781559006,
    "n_samples": 91,
    "start_fraction": 0.5,
    "start_index": 90,
    "tmax": 449.9636535644531,
    "tmin": 225.0591278076172,
    "wphi_last": 6.56989860534668,
    "wphi_mean": 7.129358239226288,
    "wphi_std": 1.0571578399290464
  },
  "n_samples": 181,
  "pdf": "docs/_static/external_vmec_circular_holdout_nonlinear_t450_n64_pilot.pdf",
  "png": "docs/_static/external_vmec_circular_holdout_nonlinear_t450_n64_pilot.png",
  "promotion_gate": {
    "passed": false,
    "reason": "feasibility pilot only; no external nonlinear transport acceptance gate is defined"
  },
  "source": "tools_out/external_vmec_holdouts/circular_tokamak/circular_tokamak_holdout_nonlinear_t450_n64.out.nc",
  "tmax": 449.9636535644531,
  "tmin": 0.05000000074505806,
  "wg_last": 478.4336242675781,
  "window_summaries": [
    {
      "heat_flux_last": 19.815357208251953,
      "heat_flux_mean": 19.430008846324878,
      "heat_flux_relative_slope_per_time": 4.2640127994366284e-05,
      "heat_flux_slope": 0.0008284980641389619,
      "heat_flux_std": 2.5120911781559006,
      "n_samples": 91,
      "start_fraction": 0.5,
      "start_index": 90,
      "tmax": 449.9636535644531,
      "tmin": 225.0591278076172,
      "wphi_last": 6.56989860534668,
      "wphi_mean": 7.129358239226288,
      "wphi_std": 1.0571578399290464
    },
    {
      "heat_flux_last": 19.815357208251953,
      "heat_flux_mean": 19.747222234125008,
      "heat_flux_relative_slope_per_time": -0.0005704621329117458,
      "heat_flux_slope": -0.011265042514761202,
      "heat_flux_std": 2.7034266208913538,
      "n_samples": 73,
      "start_fraction": 0.6,
      "start_index": 108,
      "tmax": 449.9636535644531,
      "tmin": 270.0575866699219,
      "wphi_last": 6.56989860534668,
      "wphi_mean": 7.238188808911468,
      "wphi_std": 1.1227673473951152
    },
    {
      "heat_flux_last": 19.815357208251953,
      "heat_flux_mean": 19.123924446105956,
      "heat_flux_relative_slope_per_time": 0.00044520151274569974,
      "heat_flux_slope": 0.00851400009304084,
      "heat_flux_std": 2.716900142099731,
      "n_samples": 55,
      "start_fraction": 0.7,
      "start_index": 126,
      "tmax": 449.9636535644531,
      "tmin": 315.0466003417969,
      "wphi_last": 6.56989860534668,
      "wphi_mean": 7.069564446535978,
      "wphi_std": 1.0999594213584234
    },
    {
      "heat_flux_last": 19.815357208251953,
      "heat_flux_mean": 19.91616676949166,
      "heat_flux_relative_slope_per_time": -0.0018879725257912297,
      "heat_flux_slope": -0.037601175679876524,
      "heat_flux_std": 2.831367238286322,
      "n_samples": 37,
      "start_fraction": 0.8,
      "start_index": 144,
      "tmax": 449.9636535644531,
      "tmin": 360.0356140136719,
      "wphi_last": 6.56989860534668,
      "wphi_mean": 7.2467012147645695,
      "wphi_std": 1.1854664667859478
    }
  ],
  "wphi_last": 6.56989860534668
}
