{
  "claim_level": "finite_nonlinear_feasibility_grid_gate_pending",
  "csv": "docs/_static/external_vmec_shaped_tokamak_pressure_nonlinear_t450_n64_pilot.traces.csv",
  "heat_flux_last": 6.833970546722412,
  "kind": "nonlinear_feasibility_pilot",
  "label": "Shaped tokamak VMEC, Nx=Ny=64, t=450",
  "least_trending_window": {
    "heat_flux_last": 6.833970546722412,
    "heat_flux_mean": 8.417289231134498,
    "heat_flux_relative_slope_per_time": -0.000984435103941718,
    "heat_flux_slope": -0.008286274999159394,
    "heat_flux_std": 1.07886048923651,
    "n_samples": 92,
    "start_fraction": 0.5,
    "start_index": 91,
    "tmax": 450.0136413574219,
    "tmin": 227.5592803955078,
    "wphi_last": 3.0498239994049072,
    "wphi_mean": 3.1198242177133975,
    "wphi_std": 0.2823150536311411
  },
  "n_samples": 183,
  "pdf": "docs/_static/external_vmec_shaped_tokamak_pressure_nonlinear_t450_n64_pilot.pdf",
  "png": "docs/_static/external_vmec_shaped_tokamak_pressure_nonlinear_t450_n64_pilot.png",
  "promotion_gate": {
    "passed": false,
    "reason": "feasibility pilot only; no external nonlinear transport acceptance gate is defined"
  },
  "source": "tools_out/external_vmec_holdouts/shaped_tokamak_pressure_reference/shaped_tokamak_pressure_reference_holdout_nonlinear_t450_n64.out.nc",
  "tmax": 450.0136413574219,
  "tmin": 0.05000000074505806,
  "wg_last": 144.32969665527344,
  "window_summaries": [
    {
      "heat_flux_last": 6.833970546722412,
      "heat_flux_mean": 8.417289231134498,
      "heat_flux_relative_slope_per_time": -0.000984435103941718,
      "heat_flux_slope": -0.008286274999159394,
      "heat_flux_std": 1.07886048923651,
      "n_samples": 92,
      "start_fraction": 0.5,
      "start_index": 91,
      "tmax": 450.0136413574219,
      "tmin": 227.5592803955078,
      "wphi_last": 3.0498239994049072,
      "wphi_mean": 3.1198242177133975,
      "wphi_std": 0.2823150536311411
    },
    {
      "heat_flux_last": 6.833970546722412,
      "heat_flux_mean": 8.264684367824245,
      "heat_flux_relative_slope_per_time": -0.0012432900005917976,
      "heat_flux_slope": -0.010275399432563226,
      "heat_flux_std": 1.0174320513248531,
      "n_samples": 74,
      "start_fraction": 0.6,
      "start_index": 109,
      "tmax": 450.0136413574219,
      "tmin": 270.0606384277344,
      "wphi_last": 3.0498239994049072,
      "wphi_mean": 3.1061338927294755,
      "wphi_std": 0.27892031388740274
    },
    {
      "heat_flux_last": 6.833970546722412,
      "heat_flux_mean": 8.090082836151122,
      "heat_flux_relative_slope_per_time": -0.0015482241746422167,
      "heat_flux_slope": -0.012525261821787235,
      "heat_flux_std": 1.0030431086546148,
      "n_samples": 55,
      "start_fraction": 0.7,
      "start_index": 128,
      "tmax": 450.0136413574219,
      "tmin": 317.5601806640625,
      "wphi_last": 3.0498239994049072,
      "wphi_mean": 3.071560031717474,
      "wphi_std": 0.2861462814011986
    },
    {
      "heat_flux_last": 6.833970546722412,
      "heat_flux_mean": 7.797971106864311,
      "heat_flux_relative_slope_per_time": -0.0020083087008747062,
      "heat_flux_slope": -0.015660733223085158,
      "heat_flux_std": 0.9065393497780505,
      "n_samples": 37,
      "start_fraction": 0.8,
      "start_index": 146,
      "tmax": 450.0136413574219,
      "tmin": 360.0621643066406,
      "wphi_last": 3.0498239994049072,
      "wphi_mean": 3.068675556698361,
      "wphi_std": 0.3161662979544667
    }
  ],
  "wphi_last": 3.0498239994049072
}
