{
  "claim_level": "finite_high_grid_long_nonlinear_feasibility_not_yet_transport_validation",
  "csv": "docs/_static/external_vmec_qh_nonlinear_t150_n64_pilot.traces.csv",
  "heat_flux_last": 6.187549591064453,
  "kind": "nonlinear_feasibility_pilot",
  "label": "nfp4 QH external VMEC, Nx=Ny=64, Nz=40, t=150",
  "least_trending_window": {
    "heat_flux_last": 6.187549591064453,
    "heat_flux_mean": 5.764143009185791,
    "heat_flux_relative_slope_per_time": -0.0013694475687404952,
    "heat_flux_slope": -0.007893691629802004,
    "heat_flux_std": 0.361591872204492,
    "n_samples": 25,
    "start_fraction": 0.6,
    "start_index": 36,
    "tmax": 150.00454711914062,
    "tmin": 90.05089569091797,
    "wphi_last": 2.2048749923706055,
    "wphi_mean": 2.3287063694000243,
    "wphi_std": 0.1973910501365256
  },
  "n_samples": 61,
  "pdf": "docs/_static/external_vmec_qh_nonlinear_t150_n64_pilot.pdf",
  "png": "docs/_static/external_vmec_qh_nonlinear_t150_n64_pilot.png",
  "promotion_gate": {
    "passed": false,
    "reason": "feasibility pilot only; no external nonlinear transport acceptance gate is defined"
  },
  "source": "tools_out/vmex_qh_nonlinear_t150_n64_probe.out.nc",
  "tmax": 150.00454711914062,
  "tmin": 0.05000000074505806,
  "wg_last": 136.86012268066406,
  "window_summaries": [
    {
      "heat_flux_last": 6.187549591064453,
      "heat_flux_mean": 6.028898116080992,
      "heat_flux_relative_slope_per_time": -0.0034728358815878943,
      "heat_flux_slope": -0.020937373703963726,
      "heat_flux_std": 0.6352462595184031,
      "n_samples": 31,
      "start_fraction": 0.5,
      "start_index": 30,
      "tmax": 150.00454711914062,
      "tmin": 75.04998016357422,
      "wphi_last": 2.2048749923706055,
      "wphi_mean": 2.4012846485260995,
      "wphi_std": 0.2394030569380758
    },
    {
      "heat_flux_last": 6.187549591064453,
      "heat_flux_mean": 5.764143009185791,
      "heat_flux_relative_slope_per_time": -0.0013694475687404952,
      "heat_flux_slope": -0.007893691629802004,
      "heat_flux_std": 0.361591872204492,
      "n_samples": 25,
      "start_fraction": 0.6,
      "start_index": 36,
      "tmax": 150.00454711914062,
      "tmin": 90.05089569091797,
      "wphi_last": 2.2048749923706055,
      "wphi_mean": 2.3287063694000243,
      "wphi_std": 0.1973910501365256
    },
    {
      "heat_flux_last": 6.187549591064453,
      "heat_flux_mean": 5.606206366890355,
      "heat_flux_relative_slope_per_time": 0.0017208137736288874,
      "heat_flux_slope": 0.009647237133950886,
      "heat_flux_std": 0.2341393217514674,
      "n_samples": 19,
      "start_fraction": 0.7,
      "start_index": 42,
      "tmax": 150.00454711914062,
      "tmin": 105.05181121826172,
      "wphi_last": 2.2048749923706055,
      "wphi_mean": 2.230311255705984,
      "wphi_std": 0.09275014190724111
    },
    {
      "heat_flux_last": 6.187549591064453,
      "heat_flux_mean": 5.62771045244657,
      "heat_flux_relative_slope_per_time": 0.004407123167568741,
      "heat_flux_slope": 0.02480201311534604,
      "heat_flux_std": 0.27622976644918945,
      "n_samples": 13,
      "start_fraction": 0.8,
      "start_index": 48,
      "tmax": 150.00454711914062,
      "tmin": 120.05272674560547,
      "wphi_last": 2.2048749923706055,
      "wphi_mean": 2.186612294270442,
      "wphi_std": 0.02978960171566163
    }
  ],
  "wphi_last": 2.2048749923706055
}
