{
  "claim_level": "finite_long_nonlinear_feasibility_not_transport_validation",
  "csv": "docs/_static/external_vmec_cth_like_nonlinear_t150_pilot.traces.csv",
  "heat_flux_last": 26.26584815979004,
  "kind": "nonlinear_feasibility_pilot",
  "label": "CTH-like external VMEC, Nx=Ny=32, Nz=24, t=150",
  "least_trending_window": {
    "heat_flux_last": 26.26584815979004,
    "heat_flux_mean": 23.05891824537708,
    "heat_flux_relative_slope_per_time": 0.001195617008920811,
    "heat_flux_slope": 0.027569634861487263,
    "heat_flux_std": 1.7890196196444224,
    "n_samples": 31,
    "start_fraction": 0.5,
    "start_index": 30,
    "tmax": 150.00454711914062,
    "tmin": 75.04998016357422,
    "wphi_last": 7.803924560546875,
    "wphi_mean": 7.682338176235076,
    "wphi_std": 0.38068568242474404
  },
  "n_samples": 61,
  "pdf": "docs/_static/external_vmec_cth_like_nonlinear_t150_pilot.pdf",
  "png": "docs/_static/external_vmec_cth_like_nonlinear_t150_pilot.png",
  "promotion_gate": {
    "passed": false,
    "reason": "feasibility pilot only; no external nonlinear transport acceptance gate is defined"
  },
  "source": "tools_out/office_external_vmec/vmec_jax_cth_like_nonlinear_t150_office.out.nc",
  "tmax": 150.00454711914062,
  "tmin": 0.05000000074505806,
  "wg_last": 584.0592041015625,
  "window_summaries": [
    {
      "heat_flux_last": 26.26584815979004,
      "heat_flux_mean": 23.05891824537708,
      "heat_flux_relative_slope_per_time": 0.001195617008920811,
      "heat_flux_slope": 0.027569634861487263,
      "heat_flux_std": 1.7890196196444224,
      "n_samples": 31,
      "start_fraction": 0.5,
      "start_index": 30,
      "tmax": 150.00454711914062,
      "tmin": 75.04998016357422,
      "wphi_last": 7.803924560546875,
      "wphi_mean": 7.682338176235076,
      "wphi_std": 0.38068568242474404
    },
    {
      "heat_flux_last": 26.26584815979004,
      "heat_flux_mean": 23.219520721435547,
      "heat_flux_relative_slope_per_time": 0.0016872431104333445,
      "heat_flux_slope": 0.03917697636480641,
      "heat_flux_std": 1.7133027590126082,
      "n_samples": 25,
      "start_fraction": 0.6,
      "start_index": 36,
      "tmax": 150.00454711914062,
      "tmin": 90.05089569091797,
      "wphi_last": 7.803924560546875,
      "wphi_mean": 7.640003509521485,
      "wphi_std": 0.3014063975819848
    },
    {
      "heat_flux_last": 26.26584815979004,
      "heat_flux_mean": 23.026085301449424,
      "heat_flux_relative_slope_per_time": 0.005224829518798366,
      "heat_flux_slope": 0.12030737018538212,
      "heat_flux_std": 1.8579886264112349,
      "n_samples": 19,
      "start_fraction": 0.7,
      "start_index": 42,
      "tmax": 150.00454711914062,
      "tmin": 105.05181121826172,
      "wphi_last": 7.803924560546875,
      "wphi_mean": 7.650957810251336,
      "wphi_std": 0.3010863228486148
    },
    {
      "heat_flux_last": 26.26584815979004,
      "heat_flux_mean": 23.80119690528283,
      "heat_flux_relative_slope_per_time": 0.00675488817379328,
      "heat_flux_slope": 0.1607744234976202,
      "heat_flux_std": 1.6947027292160943,
      "n_samples": 13,
      "start_fraction": 0.8,
      "start_index": 48,
      "tmax": 150.00454711914062,
      "tmin": 120.05272674560547,
      "wphi_last": 7.803924560546875,
      "wphi_mean": 7.558320485628569,
      "wphi_std": 0.28845568537979593
    }
  ],
  "wphi_last": 7.803924560546875
}
