{
  "claim_level": "finite_long_nonlinear_feasibility_not_transport_validation",
  "csv": "docs/_static/external_vmec_updown_asym_nonlinear_t450_n64_pilot.traces.csv",
  "heat_flux_last": 9.049442291259766,
  "kind": "nonlinear_feasibility_pilot",
  "label": "64x64x40",
  "least_trending_window": {
    "heat_flux_last": 9.049442291259766,
    "heat_flux_mean": 8.012812318028631,
    "heat_flux_relative_slope_per_time": -2.3298384947896824e-05,
    "heat_flux_slope": -0.00018668558590068053,
    "heat_flux_std": 0.4176744777505884,
    "n_samples": 74,
    "start_fraction": 0.6,
    "start_index": 110,
    "tmax": 450.009033203125,
    "tmin": 270.0560302734375,
    "wphi_last": 5.063697338104248,
    "wphi_mean": 5.157449174571681,
    "wphi_std": 0.8695466350163376
  },
  "n_samples": 184,
  "pdf": "docs/_static/external_vmec_updown_asym_nonlinear_t450_n64_pilot.pdf",
  "png": "docs/_static/external_vmec_updown_asym_nonlinear_t450_n64_pilot.png",
  "promotion_gate": {
    "passed": false,
    "reason": "feasibility pilot only; no external nonlinear transport acceptance gate is defined"
  },
  "source": "tools_out/updown_asym_holdout/up_down_asymmetric_tokamak_reference_nonlinear_t450_n64.out.nc",
  "tmax": 450.009033203125,
  "tmin": 0.05000000074505806,
  "wg_last": 387.78076171875,
  "window_summaries": [
    {
      "heat_flux_last": 9.049442291259766,
      "heat_flux_mean": 7.778537859087405,
      "heat_flux_relative_slope_per_time": 0.0006414418477533435,
      "heat_flux_slope": 0.004989479697152362,
      "heat_flux_std": 0.6118771626911026,
      "n_samples": 92,
      "start_fraction": 0.5,
      "start_index": 92,
      "tmax": 450.009033203125,
      "tmin": 227.5546875,
      "wphi_last": 5.063697338104248,
      "wphi_mean": 5.006825675135073,
      "wphi_std": 0.8700844536864584
    },
    {
      "heat_flux_last": 9.049442291259766,
      "heat_flux_mean": 8.012812318028631,
      "heat_flux_relative_slope_per_time": -2.3298384947896824e-05,
      "heat_flux_slope": -0.00018668558590068053,
      "heat_flux_std": 0.4176744777505884,
      "n_samples": 74,
      "start_fraction": 0.6,
      "start_index": 110,
      "tmax": 450.009033203125,
      "tmin": 270.0560302734375,
      "wphi_last": 5.063697338104248,
      "wphi_mean": 5.157449174571681,
      "wphi_std": 0.8695466350163376
    },
    {
      "heat_flux_last": 9.049442291259766,
      "heat_flux_mean": 8.00605125086648,
      "heat_flux_relative_slope_per_time": -9.29698259355259e-05,
      "heat_flux_slope": -0.0007443211912239561,
      "heat_flux_std": 0.42254428866165183,
      "n_samples": 56,
      "start_fraction": 0.7,
      "start_index": 128,
      "tmax": 450.009033203125,
      "tmin": 315.055419921875,
      "wphi_last": 5.063697338104248,
      "wphi_mean": 5.326464223010199,
      "wphi_std": 0.8541796782985672
    },
    {
      "heat_flux_last": 9.049442291259766,
      "heat_flux_mean": 7.916182775755186,
      "heat_flux_relative_slope_per_time": 0.0005871905018533507,
      "heat_flux_slope": 0.004648307336858538,
      "heat_flux_std": 0.4528044391944259,
      "n_samples": 37,
      "start_fraction": 0.8,
      "start_index": 147,
      "tmax": 450.009033203125,
      "tmin": 360.05755615234375,
      "wphi_last": 5.063697338104248,
      "wphi_mean": 5.439488056543711,
      "wphi_std": 0.8926768618991011
    }
  ],
  "wphi_last": 5.063697338104248
}
