{
  "claim_level": "finite_low_grid_long_nonlinear_feasibility_not_yet_transport_validation",
  "csv": "docs/_static/external_vmec_dshape_nonlinear_t150_n32_pilot.traces.csv",
  "heat_flux_last": 20.24388313293457,
  "kind": "nonlinear_feasibility_pilot",
  "label": "D-shaped tokamak external VMEC, Nx=Ny=32, Nz=24, t=150",
  "least_trending_window": {
    "heat_flux_last": 20.24388313293457,
    "heat_flux_mean": 17.214551956422866,
    "heat_flux_relative_slope_per_time": 0.001470175005979395,
    "heat_flux_slope": 0.025308404025466594,
    "heat_flux_std": 1.9532075410071295,
    "n_samples": 31,
    "start_fraction": 0.5,
    "start_index": 30,
    "tmax": 150.00454711914062,
    "tmin": 75.04998016357422,
    "wphi_last": 5.169342517852783,
    "wphi_mean": 5.2747676603255735,
    "wphi_std": 0.5993830396247471
  },
  "n_samples": 61,
  "pdf": "docs/_static/external_vmec_dshape_nonlinear_t150_n32_pilot.pdf",
  "png": "docs/_static/external_vmec_dshape_nonlinear_t150_n32_pilot.png",
  "promotion_gate": {
    "passed": false,
    "reason": "feasibility pilot only; no external nonlinear transport acceptance gate is defined"
  },
  "source": "tools_out/dshape_nonlinear_t150_n32.out.nc",
  "tmax": 150.00454711914062,
  "tmin": 0.05000000074505806,
  "wg_last": 491.64129638671875,
  "window_summaries": [
    {
      "heat_flux_last": 20.24388313293457,
      "heat_flux_mean": 17.214551956422866,
      "heat_flux_relative_slope_per_time": 0.001470175005979395,
      "heat_flux_slope": 0.025308404025466594,
      "heat_flux_std": 1.9532075410071295,
      "n_samples": 31,
      "start_fraction": 0.5,
      "start_index": 30,
      "tmax": 150.00454711914062,
      "tmin": 75.04998016357422,
      "wphi_last": 5.169342517852783,
      "wphi_mean": 5.2747676603255735,
      "wphi_std": 0.5993830396247471
    },
    {
      "heat_flux_last": 20.24388313293457,
      "heat_flux_mean": 17.076806793212892,
      "heat_flux_relative_slope_per_time": 0.004211759396383316,
      "heat_flux_slope": 0.07192340147153684,
      "heat_flux_std": 1.8209669939404665,
      "n_samples": 25,
      "start_fraction": 0.6,
      "start_index": 36,
      "tmax": 150.00454711914062,
      "tmin": 90.05089569091797,
      "wphi_last": 5.169342517852783,
      "wphi_mean": 5.030469436645507,
      "wphi_std": 0.3051538520720403
    },
    {
      "heat_flux_last": 20.24388313293457,
      "heat_flux_mean": 17.690747261047363,
      "heat_flux_relative_slope_per_time": 0.0032793739386679645,
      "heat_flux_slope": 0.058014575523440394,
      "heat_flux_std": 1.6443059343611721,
      "n_samples": 19,
      "start_fraction": 0.7,
      "start_index": 42,
      "tmax": 150.00454711914062,
      "tmin": 105.05181121826172,
      "wphi_last": 5.169342517852783,
      "wphi_mean": 5.113342009092632,
      "wphi_std": 0.2850012538422287
    },
    {
      "heat_flux_last": 20.24388313293457,
      "heat_flux_mean": 17.908178549546463,
      "heat_flux_relative_slope_per_time": 0.004883833015771028,
      "heat_flux_slope": 0.08746055365259754,
      "heat_flux_std": 1.5971809520996945,
      "n_samples": 13,
      "start_fraction": 0.8,
      "start_index": 48,
      "tmax": 150.00454711914062,
      "tmin": 120.05272674560547,
      "wphi_last": 5.169342517852783,
      "wphi_mean": 5.196307512430044,
      "wphi_std": 0.29257297569602536
    }
  ],
  "wphi_last": 5.169342517852783
}
