{
  "claim_level": "finite_high_grid_long_nonlinear_feasibility_pending_high_grid_gate",
  "csv": "docs/_static/external_vmec_dshape_nonlinear_t250_n64_pilot.traces.csv",
  "heat_flux_last": 18.669509887695312,
  "kind": "nonlinear_feasibility_pilot",
  "label": "D-shaped tokamak external VMEC, Nx=Ny=64, Nz=40, t=250",
  "least_trending_window": {
    "heat_flux_last": 18.669509887695312,
    "heat_flux_mean": 17.663233315072407,
    "heat_flux_relative_slope_per_time": 0.00029032376170350023,
    "heat_flux_slope": 0.005128056339878408,
    "heat_flux_std": 1.4611003383210943,
    "n_samples": 41,
    "start_fraction": 0.6,
    "start_index": 61,
    "tmax": 250.00604248046875,
    "tmin": 150.05455017089844,
    "wphi_last": 5.257387638092041,
    "wphi_mean": 4.848147973781678,
    "wphi_std": 0.3415730642840966
  },
  "n_samples": 102,
  "pdf": "docs/_static/external_vmec_dshape_nonlinear_t250_n64_pilot.pdf",
  "png": "docs/_static/external_vmec_dshape_nonlinear_t250_n64_pilot.png",
  "promotion_gate": {
    "passed": false,
    "reason": "feasibility pilot only; no external nonlinear transport acceptance gate is defined"
  },
  "source": "tools_out/dshape_nonlinear_t250_n64.out.nc",
  "tmax": 250.00604248046875,
  "tmin": 0.05000000074505806,
  "wg_last": 452.4230041503906,
  "window_summaries": [
    {
      "heat_flux_last": 18.669509887695312,
      "heat_flux_mean": 18.404148288801604,
      "heat_flux_relative_slope_per_time": -0.001401004071610916,
      "heat_flux_slope": -0.025784286687142118,
      "heat_flux_std": 2.0565764968410023,
      "n_samples": 51,
      "start_fraction": 0.5,
      "start_index": 51,
      "tmax": 250.00604248046875,
      "tmin": 127.55318450927734,
      "wphi_last": 5.257387638092041,
      "wphi_mean": 4.9989282196643305,
      "wphi_std": 0.4482439866462527
    },
    {
      "heat_flux_last": 18.669509887695312,
      "heat_flux_mean": 17.663233315072407,
      "heat_flux_relative_slope_per_time": 0.00029032376170350023,
      "heat_flux_slope": 0.005128056339878408,
      "heat_flux_std": 1.4611003383210943,
      "n_samples": 41,
      "start_fraction": 0.6,
      "start_index": 61,
      "tmax": 250.00604248046875,
      "tmin": 150.05455017089844,
      "wphi_last": 5.257387638092041,
      "wphi_mean": 4.848147973781678,
      "wphi_std": 0.3415730642840966
    },
    {
      "heat_flux_last": 18.669509887695312,
      "heat_flux_mean": 17.35342751779864,
      "heat_flux_relative_slope_per_time": 0.002418234073514349,
      "heat_flux_slope": 0.0419646497158022,
      "heat_flux_std": 1.5156548329254063,
      "n_samples": 31,
      "start_fraction": 0.7,
      "start_index": 71,
      "tmax": 250.00604248046875,
      "tmin": 175.054443359375,
      "wphi_last": 5.257387638092041,
      "wphi_mean": 4.7900358323128,
      "wphi_std": 0.35289628872082424
    },
    {
      "heat_flux_last": 18.669509887695312,
      "heat_flux_mean": 17.706348101298016,
      "heat_flux_relative_slope_per_time": 0.004991302536896683,
      "heat_flux_slope": 0.08837774019718456,
      "heat_flux_std": 1.6073458992861176,
      "n_samples": 21,
      "start_fraction": 0.8,
      "start_index": 81,
      "tmax": 250.00604248046875,
      "tmin": 200.0540771484375,
      "wphi_last": 5.257387638092041,
      "wphi_mean": 4.7048272632417225,
      "wphi_std": 0.33302583199673935
    }
  ],
  "wphi_last": 5.257387638092041
}
