{
  "claim_level": "finite_mid_grid_long_nonlinear_feasibility_not_yet_transport_validation",
  "csv": "docs/_static/external_vmec_dshape_nonlinear_t150_n48_pilot.traces.csv",
  "heat_flux_last": 14.943714141845703,
  "kind": "nonlinear_feasibility_pilot",
  "label": "D-shaped tokamak external VMEC, Nx=Ny=48, Nz=32, t=150",
  "least_trending_window": {
    "heat_flux_last": 14.943714141845703,
    "heat_flux_mean": 16.3705477142334,
    "heat_flux_relative_slope_per_time": 1.767366738930121e-05,
    "heat_flux_slope": 0.0002893276152820463,
    "heat_flux_std": 1.584938300979059,
    "n_samples": 25,
    "start_fraction": 0.6,
    "start_index": 36,
    "tmax": 150.00454711914062,
    "tmin": 90.05089569091797,
    "wphi_last": 4.748213768005371,
    "wphi_mean": 4.8636697578430175,
    "wphi_std": 0.44776943372677347
  },
  "n_samples": 61,
  "pdf": "docs/_static/external_vmec_dshape_nonlinear_t150_n48_pilot.pdf",
  "png": "docs/_static/external_vmec_dshape_nonlinear_t150_n48_pilot.png",
  "promotion_gate": {
    "passed": false,
    "reason": "feasibility pilot only; no external nonlinear transport acceptance gate is defined"
  },
  "source": "tools_out/dshape_nonlinear_t150_n48.out.nc",
  "tmax": 150.00454711914062,
  "tmin": 0.05000000074505806,
  "wg_last": 353.35638427734375,
  "window_summaries": [
    {
      "heat_flux_last": 14.943714141845703,
      "heat_flux_mean": 16.560868232480942,
      "heat_flux_relative_slope_per_time": -0.0007938515816642819,
      "heat_flux_slope": -0.013146871440088756,
      "heat_flux_std": 1.530853057920904,
      "n_samples": 31,
      "start_fraction": 0.5,
      "start_index": 30,
      "tmax": 150.00454711914062,
      "tmin": 75.04998016357422,
      "wphi_last": 4.748213768005371,
      "wphi_mean": 4.874531207546111,
      "wphi_std": 0.4078070986342382
    },
    {
      "heat_flux_last": 14.943714141845703,
      "heat_flux_mean": 16.3705477142334,
      "heat_flux_relative_slope_per_time": 1.767366738930121e-05,
      "heat_flux_slope": 0.0002893276152820463,
      "heat_flux_std": 1.584938300979059,
      "n_samples": 25,
      "start_fraction": 0.6,
      "start_index": 36,
      "tmax": 150.00454711914062,
      "tmin": 90.05089569091797,
      "wphi_last": 4.748213768005371,
      "wphi_mean": 4.8636697578430175,
      "wphi_std": 0.44776943372677347
    },
    {
      "heat_flux_last": 14.943714141845703,
      "heat_flux_mean": 16.784682474638288,
      "heat_flux_relative_slope_per_time": -0.004386392364848383,
      "heat_flux_slope": -0.07362420305315784,
      "heat_flux_std": 1.5396567768616156,
      "n_samples": 19,
      "start_fraction": 0.7,
      "start_index": 42,
      "tmax": 150.00454711914062,
      "tmin": 105.05181121826172,
      "wphi_last": 4.748213768005371,
      "wphi_mean": 4.992156605971487,
      "wphi_std": 0.41992757040771556
    },
    {
      "heat_flux_last": 14.943714141845703,
      "heat_flux_mean": 16.082631991459774,
      "heat_flux_relative_slope_per_time": -0.0032960077892755786,
      "heat_flux_slope": -0.05300848031590403,
      "heat_flux_std": 1.2336573538599103,
      "n_samples": 13,
      "start_fraction": 0.8,
      "start_index": 48,
      "tmax": 150.00454711914062,
      "tmin": 120.05272674560547,
      "wphi_last": 4.748213768005371,
      "wphi_mean": 5.009585160475511,
      "wphi_std": 0.403357523250512
    }
  ],
  "wphi_last": 4.748213768005371
}
