{
  "claim_level": "finite_long_external_vmec_pilot_pending_high_grid_gate",
  "csv": "docs/_static/external_vmec_circular_holdout_nonlinear_t450_n48_pilot.traces.csv",
  "heat_flux_last": 21.28520965576172,
  "kind": "nonlinear_feasibility_pilot",
  "label": "circular external VMEC t450 n48",
  "least_trending_window": {
    "heat_flux_last": 21.28520965576172,
    "heat_flux_mean": 18.542035515243942,
    "heat_flux_relative_slope_per_time": 0.0002198579695174294,
    "heat_flux_slope": 0.004076614279101596,
    "heat_flux_std": 1.6058507035536818,
    "n_samples": 37,
    "start_fraction": 0.8,
    "start_index": 144,
    "tmax": 449.9636535644531,
    "tmin": 360.0356140136719,
    "wphi_last": 7.719472885131836,
    "wphi_mean": 7.480143031558475,
    "wphi_std": 0.7689654467020317
  },
  "n_samples": 181,
  "pdf": "docs/_static/external_vmec_circular_holdout_nonlinear_t450_n48_pilot.pdf",
  "png": "docs/_static/external_vmec_circular_holdout_nonlinear_t450_n48_pilot.png",
  "promotion_gate": {
    "passed": false,
    "reason": "feasibility pilot only; no external nonlinear transport acceptance gate is defined"
  },
  "source": "tools_out/external_vmec_holdouts/circular_tokamak/circular_tokamak_holdout_nonlinear_t450_n48.out.nc",
  "tmax": 449.9636535644531,
  "tmin": 0.05000000074505806,
  "wg_last": 511.0240173339844,
  "window_summaries": [
    {
      "heat_flux_last": 21.28520965576172,
      "heat_flux_mean": 19.182895817599455,
      "heat_flux_relative_slope_per_time": -0.0004357528515199444,
      "heat_flux_slope": -0.008359001552928978,
      "heat_flux_std": 2.107381916905916,
      "n_samples": 91,
      "start_fraction": 0.5,
      "start_index": 90,
      "tmax": 449.9636535644531,
      "tmin": 225.0591278076172,
      "wphi_last": 7.719472885131836,
      "wphi_mean": 7.780693164238563,
      "wphi_std": 1.1076312323149589
    },
    {
      "heat_flux_last": 21.28520965576172,
      "heat_flux_mean": 19.014360258024034,
      "heat_flux_relative_slope_per_time": -0.0003041833606379414,
      "heat_flux_slope": -0.005783852003666265,
      "heat_flux_std": 1.5631844373624286,
      "n_samples": 73,
      "start_fraction": 0.6,
      "start_index": 108,
      "tmax": 449.9636535644531,
      "tmin": 270.0575866699219,
      "wphi_last": 7.719472885131836,
      "wphi_mean": 7.546020540472579,
      "wphi_std": 0.6810654471273272
    },
    {
      "heat_flux_last": 21.28520965576172,
      "heat_flux_mean": 18.943977373296566,
      "heat_flux_relative_slope_per_time": -0.00036395344028385194,
      "heat_flux_slope": -0.006894725737670734,
      "heat_flux_std": 1.6764153101355994,
      "n_samples": 55,
      "start_fraction": 0.7,
      "start_index": 126,
      "tmax": 449.9636535644531,
      "tmin": 315.0466003417969,
      "wphi_last": 7.719472885131836,
      "wphi_mean": 7.535308595137162,
      "wphi_std": 0.7129573543280749
    },
    {
      "heat_flux_last": 21.28520965576172,
      "heat_flux_mean": 18.542035515243942,
      "heat_flux_relative_slope_per_time": 0.0002198579695174294,
      "heat_flux_slope": 0.004076614279101596,
      "heat_flux_std": 1.6058507035536818,
      "n_samples": 37,
      "start_fraction": 0.8,
      "start_index": 144,
      "tmax": 449.9636535644531,
      "tmin": 360.0356140136719,
      "wphi_last": 7.719472885131836,
      "wphi_mean": 7.480143031558475,
      "wphi_std": 0.7689654467020317
    }
  ],
  "wphi_last": 7.719472885131836
}
