{
  "claim_level": "finite_higher_grid_long_nonlinear_feasibility_not_yet_transport_validation",
  "csv": "docs/_static/external_vmec_qh_nonlinear_t150_n48_pilot.traces.csv",
  "heat_flux_last": 12.092753410339355,
  "kind": "nonlinear_feasibility_pilot",
  "label": "nfp4 QH external VMEC, Nx=Ny=48, Nz=32, t=150",
  "least_trending_window": {
    "heat_flux_last": 12.092753410339355,
    "heat_flux_mean": 12.032248948749743,
    "heat_flux_relative_slope_per_time": 0.00021248239443989137,
    "heat_flux_slope": 0.002556641067127211,
    "heat_flux_std": 0.2902373649868988,
    "n_samples": 19,
    "start_fraction": 0.7,
    "start_index": 42,
    "tmax": 150.00454711914062,
    "tmin": 105.05181121826172,
    "wphi_last": 4.1603569984436035,
    "wphi_mean": 4.209979258085552,
    "wphi_std": 0.24381998772677463
  },
  "n_samples": 61,
  "pdf": "docs/_static/external_vmec_qh_nonlinear_t150_n48_pilot.pdf",
  "png": "docs/_static/external_vmec_qh_nonlinear_t150_n48_pilot.png",
  "promotion_gate": {
    "passed": false,
    "reason": "feasibility pilot only; no external nonlinear transport acceptance gate is defined"
  },
  "source": "tools_out/vmec_jax_qh_nonlinear_t150_n48_probe.out.nc",
  "tmax": 150.00454711914062,
  "tmin": 0.05000000074505806,
  "wg_last": 280.2475280761719,
  "window_summaries": [
    {
      "heat_flux_last": 12.092753410339355,
      "heat_flux_mean": 11.579119805366762,
      "heat_flux_relative_slope_per_time": 0.0021824141658350286,
      "heat_flux_slope": 0.02527043509113336,
      "heat_flux_std": 0.7301627771623835,
      "n_samples": 31,
      "start_fraction": 0.5,
      "start_index": 30,
      "tmax": 150.00454711914062,
      "tmin": 75.04998016357422,
      "wphi_last": 4.1603569984436035,
      "wphi_mean": 3.844177323002969,
      "wphi_std": 0.5785219875547457
    },
    {
      "heat_flux_last": 12.092753410339355,
      "heat_flux_mean": 11.828102073669434,
      "heat_flux_relative_slope_per_time": 0.001379381170793658,
      "heat_flux_slope": 0.016315461286645037,
      "heat_flux_std": 0.4494119872138143,
      "n_samples": 25,
      "start_fraction": 0.6,
      "start_index": 36,
      "tmax": 150.00454711914062,
      "tmin": 90.05089569091797,
      "wphi_last": 4.1603569984436035,
      "wphi_mean": 4.069066963195801,
      "wphi_std": 0.329704746356491
    },
    {
      "heat_flux_last": 12.092753410339355,
      "heat_flux_mean": 12.032248948749743,
      "heat_flux_relative_slope_per_time": 0.00021248239443989137,
      "heat_flux_slope": 0.002556641067127211,
      "heat_flux_std": 0.2902373649868988,
      "n_samples": 19,
      "start_fraction": 0.7,
      "start_index": 42,
      "tmax": 150.00454711914062,
      "tmin": 105.05181121826172,
      "wphi_last": 4.1603569984436035,
      "wphi_mean": 4.209979258085552,
      "wphi_std": 0.24381998772677463
    },
    {
      "heat_flux_last": 12.092753410339355,
      "heat_flux_mean": 12.040118364187387,
      "heat_flux_relative_slope_per_time": -0.00021397623454219258,
      "heat_flux_slope": -0.0025762991910111203,
      "heat_flux_std": 0.2032067927607619,
      "n_samples": 13,
      "start_fraction": 0.8,
      "start_index": 48,
      "tmax": 150.00454711914062,
      "tmin": 120.05272674560547,
      "wphi_last": 4.1603569984436035,
      "wphi_mean": 4.313284690563496,
      "wphi_std": 0.11068833518103666
    }
  ],
  "wphi_last": 4.1603569984436035
}
