{
  "claim_level": "finite_same_family_audit_grid_gate_pending",
  "csv": "docs/_static/external_vmec_itermodel_independent_audit_nonlinear_t450_n64_pilot.traces.csv",
  "heat_flux_last": 21.75128936767578,
  "kind": "nonlinear_feasibility_pilot",
  "label": "ITERModel VMEC audit, Nx=Ny=64, t=450",
  "least_trending_window": {
    "heat_flux_last": 21.75128936767578,
    "heat_flux_mean": 20.146509232728377,
    "heat_flux_relative_slope_per_time": 0.0011000456075924737,
    "heat_flux_slope": 0.02216207898978407,
    "heat_flux_std": 3.2054910597539528,
    "n_samples": 92,
    "start_fraction": 0.5,
    "start_index": 91,
    "tmax": 450.0136413574219,
    "tmin": 227.5592803955078,
    "wphi_last": 8.304295539855957,
    "wphi_mean": 7.604472797849904,
    "wphi_std": 1.1900944399533326
  },
  "n_samples": 183,
  "pdf": "docs/_static/external_vmec_itermodel_independent_audit_nonlinear_t450_n64_pilot.pdf",
  "png": "docs/_static/external_vmec_itermodel_independent_audit_nonlinear_t450_n64_pilot.png",
  "promotion_gate": {
    "passed": false,
    "reason": "feasibility pilot only; no external nonlinear transport acceptance gate is defined"
  },
  "source": "tools_out/external_vmec_holdouts/ITERModel_reference_audit/ITERModel_reference_independent_audit_nonlinear_t450_n64.out.nc",
  "tmax": 450.0136413574219,
  "tmin": 0.05000000074505806,
  "wg_last": 638.2450561523438,
  "window_summaries": [
    {
      "heat_flux_last": 21.75128936767578,
      "heat_flux_mean": 20.146509232728377,
      "heat_flux_relative_slope_per_time": 0.0011000456075924737,
      "heat_flux_slope": 0.02216207898978407,
      "heat_flux_std": 3.2054910597539528,
      "n_samples": 92,
      "start_fraction": 0.5,
      "start_index": 91,
      "tmax": 450.0136413574219,
      "tmin": 227.5592803955078,
      "wphi_last": 8.304295539855957,
      "wphi_mean": 7.604472797849904,
      "wphi_std": 1.1900944399533326
    },
    {
      "heat_flux_last": 21.75128936767578,
      "heat_flux_mean": 20.526066651215423,
      "heat_flux_relative_slope_per_time": 0.001365877120890551,
      "heat_flux_slope": 0.028036084820769674,
      "heat_flux_std": 3.323562637489094,
      "n_samples": 74,
      "start_fraction": 0.6,
      "start_index": 109,
      "tmax": 450.0136413574219,
      "tmin": 270.0606384277344,
      "wphi_last": 8.304295539855957,
      "wphi_mean": 7.636214572030145,
      "wphi_std": 1.2699256232869491
    },
    {
      "heat_flux_last": 21.75128936767578,
      "heat_flux_mean": 20.50143234946511,
      "heat_flux_relative_slope_per_time": 0.003657421533885932,
      "heat_flux_slope": 0.07498238015043934,
      "heat_flux_std": 3.6185103970691883,
      "n_samples": 55,
      "start_fraction": 0.7,
      "start_index": 128,
      "tmax": 450.0136413574219,
      "tmin": 317.5601806640625,
      "wphi_last": 8.304295539855957,
      "wphi_mean": 7.492408197576349,
      "wphi_std": 1.2793120103319875
    },
    {
      "heat_flux_last": 21.75128936767578,
      "heat_flux_mean": 22.3836142565753,
      "heat_flux_relative_slope_per_time": 0.0025255734374625247,
      "heat_flux_slope": 0.056531461600814056,
      "heat_flux_std": 2.706832691688484,
      "n_samples": 37,
      "start_fraction": 0.8,
      "start_index": 146,
      "tmax": 450.0136413574219,
      "tmin": 360.0621643066406,
      "wphi_last": 8.304295539855957,
      "wphi_mean": 8.124459124900199,
      "wphi_std": 1.0334037177964013
    }
  ],
  "wphi_last": 8.304295539855957
}
