requested_devices,actual_workers,timed_wall_s,wall_s,strong_speedup_vs_1_device,parallel_efficiency,max_gamma_abs_error,max_gamma_rel_error,max_omega_abs_error,identity_gate_pass,error
1,1,4.695667416504875,17.92099370798678,1.0,1.0,0.0,0.0,0.0,True,
2,2,2.4154408750036964,11.104817582992837,1.9440208473319345,0.9720104236659672,0.0,0.0,0.0,True,
4,4,1.242575083495467,7.888086834005662,3.778980826893432,0.944745206723358,0.0,0.0,0.0,True,
8,8,0.6540182499957155,6.771989582994138,7.179719245656581,0.8974649057070726,0.0,0.0,0.0,True,
