{
  "backend": "cpu",
  "claim_scope": "solver-backed independent ky scan strong-scaling artifact. This validates the preferred production parallelization path for independent scans/UQ ensembles; it is not a nonlinear domain-decomposition speedup claim.",
  "devices": [
    1,
    2,
    4,
    8
  ],
  "gamma_rtol": 1e-07,
  "grid": {
    "Nl": 4,
    "Nm": 8,
    "Nx": 1,
    "Ny": 128,
    "Nz": 96
  },
  "identity_passed": true,
  "kind": "independent_ky_scan_strong_scaling",
  "ky": [
    0.08,
    0.12,
    0.16,
    0.2,
    0.24,
    0.28,
    0.32,
    0.36,
    0.4,
    0.44,
    0.48,
    0.52
  ],
  "omega_atol": 1e-07,
  "repeats": 2,
  "rows": [
    {
      "actual_workers": 1,
      "error": null,
      "gamma": [
        -0.19684776268053264,
        -0.19684776268053264,
        -0.13658733085543567,
        -0.13658733085543567,
        -0.13658733085543567,
        -0.09062307030508275,
        -0.09062307030508275,
        -0.07431299874834092,
        -0.07431299874834092,
        -0.07431299874834092,
        -0.08283389900539072,
        -0.08283389900539072
      ],
      "identity_gate_pass": true,
      "ky": [
        0.08,
        0.12,
        0.16,
        0.2,
        0.24,
        0.28,
        0.32,
        0.36,
        0.4,
        0.44,
        0.48,
        0.52
      ],
      "max_gamma_abs_error": 0.0,
      "max_gamma_rel_error": 0.0,
      "max_omega_abs_error": 0.0,
      "omega": [
        0.09077316238766624,
        0.09077316238766624,
        0.19554084820743375,
        0.19554084820743375,
        0.19554084820743375,
        0.30547974769637826,
        0.30547974769637826,
        0.40856548701270834,
        0.40856548701270834,
        0.40856548701270834,
        0.49552834432422027,
        0.49552834432422027
      ],
      "parallel_efficiency": 1.0,
      "requested_devices": 1,
      "strong_speedup_vs_1_device": 1.0,
      "timed_wall_s": 2.557562366593629,
      "wall_s": 13.521385919768363,
      "worker_stats": [
        {
          "gamma": [
            -0.19684776268053264,
            -0.19684776268053264,
            -0.13658733085543567,
            -0.13658733085543567,
            -0.13658733085543567,
            -0.09062307030508275,
            -0.09062307030508275,
            -0.07431299874834092,
            -0.07431299874834092,
            -0.07431299874834092,
            -0.08283389900539072,
            -0.08283389900539072
          ],
          "ky": [
            0.08,
            0.12,
            0.16,
            0.2,
            0.24,
            0.28,
            0.32,
            0.36,
            0.4,
            0.44,
            0.48,
            0.52
          ],
          "omega": [
            0.09077316238766624,
            0.09077316238766624,
            0.19554084820743375,
            0.19554084820743375,
            0.19554084820743375,
            0.30547974769637826,
            0.30547974769637826,
            0.40856548701270834,
            0.40856548701270834,
            0.40856548701270834,
            0.49552834432422027,
            0.49552834432422027
          ],
          "samples_s": [
            2.609719904139638,
            2.5054048290476203
          ],
          "stats_s": {
            "max": 2.609719904139638,
            "mean": 2.557562366593629,
            "median": 2.557562366593629,
            "min": 2.5054048290476203,
            "std": 0.052157537546008825
          }
        }
      ]
    },
    {
      "actual_workers": 2,
      "error": null,
      "gamma": [
        -0.19684776268053264,
        -0.19684776268053264,
        -0.13658733085543567,
        -0.13658733085543567,
        -0.13658733085543567,
        -0.09062307030508275,
        -0.09062307030508275,
        -0.07431299874834092,
        -0.07431299874834092,
        -0.07431299874834092,
        -0.08283389900539072,
        -0.08283389900539072
      ],
      "identity_gate_pass": true,
      "ky": [
        0.08,
        0.12,
        0.16,
        0.2,
        0.24,
        0.28,
        0.32,
        0.36,
        0.4,
        0.44,
        0.48,
        0.52
      ],
      "max_gamma_abs_error": 0.0,
      "max_gamma_rel_error": 0.0,
      "max_omega_abs_error": 0.0,
      "omega": [
        0.09077316238766624,
        0.09077316238766624,
        0.19554084820743375,
        0.19554084820743375,
        0.19554084820743375,
        0.30547974769637826,
        0.30547974769637826,
        0.40856548701270834,
        0.40856548701270834,
        0.40856548701270834,
        0.49552834432422027,
        0.49552834432422027
      ],
      "parallel_efficiency": 0.9601896602158104,
      "requested_devices": 2,
      "strong_speedup_vs_1_device": 1.9203793204316209,
      "timed_wall_s": 1.3318006184417754,
      "wall_s": 9.619142246898264,
      "worker_stats": [
        {
          "gamma": [
            -0.19684776268053264,
            -0.19684776268053264,
            -0.13658733085543567,
            -0.13658733085543567,
            -0.13658733085543567,
            -0.09062307030508275
          ],
          "ky": [
            0.08,
            0.12,
            0.16,
            0.2,
            0.24,
            0.28
          ],
          "omega": [
            0.09077316238766624,
            0.09077316238766624,
            0.19554084820743375,
            0.19554084820743375,
            0.19554084820743375,
            0.30547974769637826
          ],
          "samples_s": [
            1.312189423944801,
            1.3514118129387498
          ],
          "stats_s": {
            "max": 1.3514118129387498,
            "mean": 1.3318006184417754,
            "median": 1.3318006184417754,
            "min": 1.312189423944801,
            "std": 0.01961119449697435
          }
        },
        {
          "gamma": [
            -0.09062307030508275,
            -0.07431299874834092,
            -0.07431299874834092,
            -0.07431299874834092,
            -0.08283389900539072,
            -0.08283389900539072
          ],
          "ky": [
            0.32,
            0.36,
            0.4,
            0.44,
            0.48,
            0.52
          ],
          "omega": [
            0.30547974769637826,
            0.40856548701270834,
            0.40856548701270834,
            0.40856548701270834,
            0.49552834432422027,
            0.49552834432422027
          ],
          "samples_s": [
            1.3544490789063275,
            1.2815166539512575
          ],
          "stats_s": {
            "max": 1.3544490789063275,
            "mean": 1.3179828664287925,
            "median": 1.3179828664287925,
            "min": 1.2815166539512575,
            "std": 0.03646621247753501
          }
        }
      ]
    },
    {
      "actual_workers": 4,
      "error": null,
      "gamma": [
        -0.19684776268053264,
        -0.19684776268053264,
        -0.13658733085543567,
        -0.13658733085543567,
        -0.13658733085543567,
        -0.09062307030508275,
        -0.09062307030508275,
        -0.07431299874834092,
        -0.07431299874834092,
        -0.07431299874834092,
        -0.08283389900539072,
        -0.08283389900539072
      ],
      "identity_gate_pass": true,
      "ky": [
        0.08,
        0.12,
        0.16,
        0.2,
        0.24,
        0.28,
        0.32,
        0.36,
        0.4,
        0.44,
        0.48,
        0.52
      ],
      "max_gamma_abs_error": 0.0,
      "max_gamma_rel_error": 0.0,
      "max_omega_abs_error": 0.0,
      "omega": [
        0.09077316238766624,
        0.09077316238766624,
        0.19554084820743375,
        0.19554084820743375,
        0.19554084820743375,
        0.30547974769637826,
        0.30547974769637826,
        0.40856548701270834,
        0.40856548701270834,
        0.40856548701270834,
        0.49552834432422027,
        0.49552834432422027
      ],
      "parallel_efficiency": 0.8778054980630445,