{
  "backend": "gpu",
  "claim_scope": "solver-backed independent ky scan strong-scaling artifact. This validates the preferred production parallelization path for independent scans/UQ ensembles; it is not a nonlinear domain-decomposition speedup claim.",
  "devices": [
    1,
    2
  ],
  "gamma_rtol": 1e-07,
  "grid": {
    "Nl": 4,
    "Nm": 8,
    "Nx": 1,
    "Ny": 128,
    "Nz": 96
  },
  "identity_passed": true,
  "kind": "independent_ky_scan_strong_scaling",
  "ky": [
    0.08,
    0.12,
    0.16,
    0.2,
    0.24,
    0.28,
    0.32,
    0.36,
    0.4,
    0.44,
    0.48,
    0.52
  ],
  "omega_atol": 1e-07,
  "repeats": 2,
  "rows": [
    {
      "actual_workers": 1,
      "error": null,
      "gamma": [
        -0.19684761621612923,
        -0.19684761621612923,
        -0.1365872022669681,
        -0.1365872022669681,
        -0.1365872022669681,
        -0.09062268849694337,
        -0.09062268849694337,
        -0.07431270595598913,
        -0.07431270595598913,
        -0.07431270595598913,
        -0.08283358024062491,
        -0.08283358024062491
      ],
      "identity_gate_pass": true,
      "ky": [
        0.08,
        0.12,
        0.16,
        0.2,
        0.24,
        0.28,
        0.32,
        0.36,
        0.4,
        0.44,
        0.48,
        0.52
      ],
      "max_gamma_abs_error": 0.0,
      "max_gamma_rel_error": 0.0,
      "max_omega_abs_error": 0.0,
      "omega": [
        0.09077321442346735,
        0.09077321442346735,
        0.1955409733503511,
        0.1955409733503511,
        0.1955409733503511,
        0.3054799556149959,
        0.3054799556149959,
        0.4085657407696812,
        0.4085657407696812,
        0.4085657407696812,
        0.4955286480104312,
        0.4955286480104312
      ],
      "parallel_efficiency": 1.0,
      "requested_devices": 1,
      "strong_speedup_vs_1_device": 1.0,
      "timed_wall_s": 0.9000271949917078,
      "wall_s": 13.4193270271644,
      "worker_stats": [
        {
          "gamma": [
            -0.19684761621612923,
            -0.19684761621612923,
            -0.1365872022669681,
            -0.1365872022669681,
            -0.1365872022669681,
            -0.09062268849694337,
            -0.09062268849694337,
            -0.07431270595598913,
            -0.07431270595598913,
            -0.07431270595598913,
            -0.08283358024062491,
            -0.08283358024062491
          ],
          "ky": [
            0.08,
            0.12,
            0.16,
            0.2,
            0.24,
            0.28,
            0.32,
            0.36,
            0.4,
            0.44,
            0.48,
            0.52
          ],
          "omega": [
            0.09077321442346735,
            0.09077321442346735,
            0.1955409733503511,
            0.1955409733503511,
            0.1955409733503511,
            0.3054799556149959,
            0.3054799556149959,
            0.4085657407696812,
            0.4085657407696812,
            0.4085657407696812,
            0.4955286480104312,
            0.4955286480104312
          ],
          "samples_s": [
            0.9000799739733338,
            0.8999744160100818
          ],
          "stats_s": {
            "max": 0.9000799739733338,
            "mean": 0.9000271949917078,
            "median": 0.9000271949917078,
            "min": 0.8999744160100818,
            "std": 5.277898162603378e-05
          }
        }
      ]
    },
    {
      "actual_workers": 2,
      "error": null,
      "gamma": [
        -0.19684761621612923,
        -0.19684761621612923,
        -0.1365872022669681,
        -0.1365872022669681,
        -0.1365872022669681,
        -0.09062268849694337,
        -0.09062268849694337,
        -0.07431270595598913,
        -0.07431270595598913,
        -0.07431270595598913,
        -0.08283358024062491,
        -0.08283358024062491
      ],
      "identity_gate_pass": true,
      "ky": [
        0.08,
        0.12,
        0.16,
        0.2,
        0.24,
        0.28,
        0.32,
        0.36,
        0.4,
        0.44,
        0.48,
        0.52
      ],
      "max_gamma_abs_error": 0.0,
      "max_gamma_rel_error": 0.0,
      "max_omega_abs_error": 0.0,
      "omega": [
        0.09077321442346735,
        0.09077321442346735,
        0.1955409733503511,
        0.1955409733503511,
        0.1955409733503511,
        0.3054799556149959,
        0.3054799556149959,
        0.4085657407696812,
        0.4085657407696812,
        0.4085657407696812,
        0.4955286480104312,
        0.4955286480104312
      ],
      "parallel_efficiency": 0.8144154754150009,
      "requested_devices": 2,
      "strong_speedup_vs_1_device": 1.6288309508300018,
      "timed_wall_s": 0.5525602239649743,
      "wall_s": 11.439577556680888,
      "worker_stats": [
        {
          "gamma": [
            -0.19684761621612923,
            -0.19684761621612923,
            -0.1365872022669681,
            -0.1365872022669681,
            -0.1365872022669681,
            -0.09062268849694337
          ],
          "ky": [
            0.08,
            0.12,
            0.16,
            0.2,
            0.24,
            0.28
          ],
          "omega": [
            0.09077321442346735,
            0.09077321442346735,
            0.1955409733503511,
            0.1955409733503511,
            0.1955409733503511,
            0.3054799556149959
          ],
          "samples_s": [
            0.5503688249737024,
            0.5547516229562461
          ],
          "stats_s": {
            "max": 0.5547516229562461,
            "mean": 0.5525602239649743,
            "median": 0.5525602239649743,
            "min": 0.5503688249737024,
            "std": 0.0021913989912718534
          }
        },
        {
          "gamma": [
            -0.09062268849694337,
            -0.07431270595598913,
            -0.07431270595598913,
            -0.07431270595598913,
            -0.08283358024062491,
            -0.08283358024062491
          ],
          "ky": [
            0.32,
            0.36,
            0.4,
            0.44,
            0.48,
            0.52
          ],
          "omega": [
            0.3054799556149959,
            0.4085657407696812,
            0.4085657407696812,
            0.4085657407696812,
            0.4955286480104312,
            0.4955286480104312
          ],
          "samples_s": [
            0.5059956256300211,
            0.4387824023142457
          ],
          "stats_s": {
            "max": 0.5059956256300211,
            "mean": 0.4723890139721334,
            "median": 0.4723890139721334,
            "min": 0.4387824023142457,
            "std": 0.0336066116578877
          }
        }
      ]
    }
  ],
  "time": {
    "dt": 0.02,
    "fit_end_fraction": 0.9,
    "fit_start_fraction": 0.35,
    "method": "rk2",
    "sample_stride": 5,
    "steps": 240
  },
  "warmups": 1
}
