ky,gamma_ref,omega_ref,gamma_spectrax,omega_spectrax,rel_gamma,rel_omega
0.100,0.205736,0.600424,-14.623760,1316.572632,-72.080,2191.738
0.200,0.338459,0.833866,7.440657,-4.804562,20.984,-6.762
0.300,0.313749,1.075906,7.536398,-4.879631,23.020,-5.535
0.400,0.243252,1.337840,7.541506,-4.924448,30.003,-4.681
0.500,0.169281,1.598891,7.593121,-4.936305,43.855,-4.087
