ky,gamma_ref,omega_ref,gamma_spectrax,omega_spectrax,rel_gamma,rel_omega
0.100,0.205736,0.600424,3.634780,-0.920509,16.667,-2.533
0.200,0.338459,0.833866,6.588997,-1.335007,18.468,-2.601
0.300,0.313749,1.075906,6.419416,-1.301461,19.460,-2.210
0.400,0.243252,1.337840,5.301003,-1.346341,20.792,-2.006
0.500,0.169281,1.598891,4.359269,-1.769271,24.752,-2.107
