source,beta,gamma_ref,omega_ref,gamma_spectrax,omega_spectrax,rel_gamma,rel_omega
/home/user/local/tests/crosscode_tmp/kbm_crosscode_ref/gs2/kbm_beta0p1_nodiff.out.nc,0.1,0.7340562745899332,0.18900039867779087,0.6149629354476929,0.4233921468257904,-0.1622400669604923,1.2401653636064132
/home/user/local/tests/crosscode_tmp/kbm_crosscode_ref/gs2/kbm_beta0p2_nodiff.out.nc,0.2,0.8260923881274176,0.15037222179098772,0.7977619171142578,0.17538192868232727,-0.03429455520995558,0.16631866307130977
/home/user/local/tests/crosscode_tmp/kbm_crosscode_ref/gs2/kbm_beta0p3_nodiff.out.nc,0.3,0.8650318936735809,0.14457505287658556,0.8613158464431763,0.33314356207847595,-0.004295849965281034,1.3042949350525863
/home/user/local/tests/crosscode_tmp/kbm_crosscode_ref/gs2/kbm_beta0p4_nodiff.out.nc,0.4,0.8909368542939478,0.15332414507289274,0.8005627393722534,0.4553624987602234,-0.10143717199050463,1.969933395315766
/home/user/local/tests/crosscode_tmp/kbm_crosscode_ref/gs2/kbm_beta0p5_nodiff.out.nc,0.5,0.9146700834917745,0.1567032068821249,1.0095974206924438,0.2415524125099182,0.1037831442330354,0.5414643855477601
