ky,gamma_ref,omega_ref,gamma_spectrax,omega_spectrax,rel_gamma,rel_omega
0.100,0.205736,0.600424,0.732376,0.383384,2.560,-0.361
0.200,0.338459,0.833866,0.863149,0.332125,1.550,-0.602
0.300,0.313749,1.075906,0.907751,0.319010,1.893,-0.703
0.400,0.243252,1.337840,0.929592,0.312667,2.822,-0.766
0.500,0.169281,1.598891,0.942963,0.308580,4.570,-0.807
