source,beta,gamma_ref,omega_ref,gamma_spectrax,omega_spectrax,rel_gamma,rel_omega
/home/user/local/tests/crosscode_tmp/kbm_crosscode_ref/stella/kbm_beta0p1.out.nc,0.1,1.0878866826184335,0.1593033863040646,0.0009506157948635519,0.13220533728599548,-0.9991261812373918,-0.17010340863907744
/home/user/local/tests/crosscode_tmp/kbm_crosscode_ref/stella/kbm_beta0p2.out.nc,0.2,1.0878865985717399,0.15930371579942185,0.007245454005897045,0.16396071016788483,-0.9933398811830116,0.029233432158773796
/home/user/local/tests/crosscode_tmp/kbm_crosscode_ref/stella/kbm_beta0p3.out.nc,0.3,1.087886570557945,0.15930382564141388,0.0017329282127320766,0.16479799151420593,-0.9984070690275703,0.03448859969728028
/home/user/local/tests/crosscode_tmp/kbm_crosscode_ref/stella/kbm_beta0p4.out.nc,0.4,1.087886556551368,0.1593038805643009,0.003974763676524162,0.165547713637352,-0.9963463436030277,0.039194481960725724
/home/user/local/tests/crosscode_tmp/kbm_crosscode_ref/stella/kbm_beta0p5.out.nc,0.5,1.0878865481475377,0.15930391351866932,0.009566018357872963,0.16359490156173706,-0.9912067867976104,0.026935860822809386
