source,beta,gamma_ref,omega_ref,gamma_spectrax,omega_spectrax,rel_gamma,rel_omega
/home/user/local/tests/crosscode_tmp/kbm_crosscode_ref/stella/kbm_beta0p1.out.nc,0.1,1.0878866826184335,0.1593033863040646,0.05707797780632973,0.13967394828796387,-0.9475331588130588,-0.12322046926632023
/home/user/local/tests/crosscode_tmp/kbm_crosscode_ref/stella/kbm_beta0p2.out.nc,0.2,1.0878865985717399,0.15930371579942185,0.07325128465890884,0.13282594084739685,-0.932666433472865,-0.166209399568325
/home/user/local/tests/crosscode_tmp/kbm_crosscode_ref/stella/kbm_beta0p3.out.nc,0.3,1.087886570557945,0.15930382564141388,0.07362625747919083,0.14527630805969238,-0.9323217516680713,-0.08805512061773606
/home/user/local/tests/crosscode_tmp/kbm_crosscode_ref/stella/kbm_beta0p4.out.nc,0.4,1.087886556551368,0.1593038805643009,0.06075814738869667,0.17354527115821838,-0.9441502912019597,0.08939763766877695
/home/user/local/tests/crosscode_tmp/kbm_crosscode_ref/stella/kbm_beta0p5.out.nc,0.5,1.0878865481475377,0.15930391351866932,0.058915384113788605,0.13196200132369995,-0.945844183647541,-0.1716336503670708
