source,beta,gamma_ref,omega_ref,gamma_spectrax,omega_spectrax,rel_gamma,rel_omega
/home/user/local/tests/crosscode_tmp/kbm_crosscode/stella/kbm_beta0p005.out.nc,0.005,1.0978130493246523,0.19295468492119086,0.07417869686570018,0.4198540049567819,-0.9324304835770234,1.1759202432854339
/home/user/local/tests/crosscode_tmp/kbm_crosscode/stella/kbm_beta0p01.out.nc,0.01,1.0978121271732655,0.19292653438889193,0.06211106977701187,0.4193784505736828,-0.9434228605791225,1.1737727881864093
/home/user/local/tests/crosscode_tmp/kbm_crosscode/stella/kbm_beta0p015.out.nc,0.015,1.0978118170330384,0.19291714193866538,0.07480197464935481,1.438838566712141,-0.9318626621714496,6.458324088014918
/home/user/local/tests/crosscode_tmp/kbm_crosscode/stella/kbm_beta0p02.out.nc,0.02,1.0978116614451687,0.19291244403609403,0.11547567868553102,1.4397707178747654,-0.8948128511100731,6.463337707780963
