source,beta,gamma_ref,omega_ref,gamma_spectrax,omega_spectrax,rel_gamma,rel_omega
/home/user/local/tests/crosscode_tmp/kbm_crosscode_ref/gs2/kbm_beta0p1.out.nc,0.1,0.6364482773919466,0.16915639957414255,0.05707797780632973,0.13967394828796387,-0.9103179632440436,-0.17429107831806445
/home/user/local/tests/crosscode_tmp/kbm_crosscode_ref/gs2/kbm_beta0p2.out.nc,0.2,0.7108924200467392,0.12170279576188535,0.07325128465890884,0.13282594084739685,-0.896958692210992,0.09139597012441868
/home/user/local/tests/crosscode_tmp/kbm_crosscode_ref/gs2/kbm_beta0p3.out.nc,0.3,0.7343423908656878,0.10761982176689008,0.07362625747919083,0.14527630805969238,-0.899738516535324,0.34990288661105695
/home/user/local/tests/crosscode_tmp/kbm_crosscode_ref/gs2/kbm_beta0p4.out.nc,0.4,0.7455450386391697,0.10057445601545728,0.06075814738869667,0.17354527115821838,-0.918505061076394,0.725540241863662
/home/user/local/tests/crosscode_tmp/kbm_crosscode_ref/gs2/kbm_beta0p5.out.nc,0.5,0.7523814194018819,0.09645528075095357,0.058915384113788605,0.13196200132369995,-0.921694791239496,0.3681158801914053
