source,beta,gamma_ref,omega_ref,gamma_spectrax,omega_spectrax,rel_gamma,rel_omega
/home/user/local/tests/crosscode_tmp/kbm_crosscode_ref/stella/kbm_beta0p1.out.nc,0.1,1.0878866826184335,0.1593033863040646,0.0374600887298584,1.0238064527511597,-0.9655661850371257,5.426771435963112
/home/user/local/tests/crosscode_tmp/kbm_crosscode_ref/stella/kbm_beta0p2.out.nc,0.2,1.0878865985717399,0.15930371579942185,0.1236240416765213,1.0352072715759277,-0.8863631174068838,5.498324702478063
/home/user/local/tests/crosscode_tmp/kbm_crosscode_ref/stella/kbm_beta0p3.out.nc,0.3,1.087886570557945,0.15930382564141388,0.07274291664361954,1.0254030227661133,-0.9331337304712642,5.436775881793648
/home/user/local/tests/crosscode_tmp/kbm_crosscode_ref/stella/kbm_beta0p4.out.nc,0.4,1.087886556551368,0.1593038805643009,0.03685321658849716,1.0274004936218262,-0.9661240261068003,5.449312408351092
/home/user/local/tests/crosscode_tmp/kbm_crosscode_ref/stella/kbm_beta0p5.out.nc,0.5,1.0878865481475377,0.15930391351866932,0.03801349177956581,1.0385923385620117,-0.965057485227393,5.519565750908535
