ky,gamma_ref,omega_ref,gamma_spectrax,omega_spectrax,rel_gamma,rel_omega
0.100,0.205736,0.600424,-0.000039,1.062640,-1.000,0.770
0.200,0.338459,0.833866,0.000212,1.062343,-0.999,0.274
0.300,0.313749,1.075906,-0.000107,1.063005,-1.000,-0.012
0.400,0.243252,1.337840,0.001169,1.062851,-0.995,-0.206
0.500,0.169281,1.598891,-0.011250,1.058356,-1.066,-0.338
