source,beta,gamma_ref,omega_ref,gamma_spectrax,omega_spectrax,rel_gamma,rel_omega
/home/user/local/tests/crosscode_tmp/kbm_crosscode/gs2/kbm_beta0p005.out.nc,0.005,0.08813180337559016,0.15859455629964245,0.0982273519039154,1.067913293838501,0.11455057245681417,5.733606239427454
/home/user/local/tests/crosscode_tmp/kbm_crosscode/gs2/kbm_beta0p01.out.nc,0.01,-0.021506118560598614,0.18834830638420338,0.04383804276585579,1.0331209897994995,-3.0383986372218517,4.485162089496476
/home/user/local/tests/crosscode_tmp/kbm_crosscode/gs2/kbm_beta0p015.out.nc,0.015,0.16578538770102172,0.5918128394369156,0.06511767953634262,1.0375722646713257,-0.6072170144827468,0.7532101291660568
/home/user/local/tests/crosscode_tmp/kbm_crosscode/gs2/kbm_beta0p02.out.nc,0.02,0.3023586616654589,0.4812923393441232,0.060497090220451355,1.034947156906128,-0.7999161330877048,1.1503503635991648
