ky,gamma_ref,omega_ref,gamma_spectrax,omega_spectrax,rel_gamma,rel_omega
0.100,0.205736,0.600424,0.518009,0.421074,1.518,-0.299
0.200,0.338459,0.833866,0.601291,0.404777,0.777,-0.515
0.300,0.313749,1.075906,0.631730,0.398997,1.013,-0.629
0.400,0.243252,1.337840,0.647932,0.395966,1.664,-0.704
0.500,0.169281,1.598891,0.658095,0.394084,2.888,-0.754
