ky,gamma_ref,omega_ref,gamma_spectrax,omega_spectrax,rel_gamma,rel_omega
0.100,0.144968,0.657216,0.128607,0.664196,-0.113,0.011
0.200,0.262797,0.889133,0.262166,1.009471,-0.002,0.135
0.300,0.219442,1.140651,0.204551,1.266913,-0.068,0.111
0.400,0.144594,1.396551,0.156331,1.551907,0.081,0.111
