ky,gamma_ref,omega_ref,gamma_spectrax,omega_spectrax,rel_gamma,rel_omega
0.100,0.205736,0.600424,-1.492796,-0.025269,-8.256,-1.042
0.200,0.338459,0.833866,0.146358,-1.754939,-0.568,-3.105
0.300,0.313749,1.075906,0.752343,0.191741,1.398,-0.822
0.400,0.243252,1.337840,1.126162,0.230600,3.630,-0.828
0.500,0.169281,1.598891,1.104047,0.255151,5.522,-0.840
