source,beta,gamma_ref,omega_ref,gamma_spectrax,omega_spectrax,rel_gamma,rel_omega
/home/user/local/tests/crosscode_tmp/kbm_crosscode/stella/kbm_beta0p005.out.nc,0.005,1.0978130493246523,0.19295468492119086,0.0982273519039154,1.067913293838501,-0.9105245178454178,4.5345289712694585
/home/user/local/tests/crosscode_tmp/kbm_crosscode/stella/kbm_beta0p01.out.nc,0.01,1.0978121271732655,0.19292653438889193,0.04383804276585579,1.0331209897994995,-0.9600678097091772,4.354996880403109
/home/user/local/tests/crosscode_tmp/kbm_crosscode/stella/kbm_beta0p015.out.nc,0.015,1.0978118170330384,0.19291714193866538,0.06511767953634262,1.0375722646713257,-0.9406841149584902,4.378331102381786
/home/user/local/tests/crosscode_tmp/kbm_crosscode/stella/kbm_beta0p02.out.nc,0.02,1.0978116614451687,0.19291244403609403,0.060497090220451355,1.034947156906128,-0.944893015491553,4.364854310344483
