source,beta,gamma_ref,omega_ref,gamma_spectrax,omega_spectrax,rel_gamma,rel_omega
/home/user/local/tests/crosscode_tmp/kbm_crosscode_ref/gs2/kbm_beta0p1.out.nc,0.1,0.6364482773919466,0.16915639957414255,0.0374600887298584,1.0238064527511597,-0.9411419748304398,5.052425183608956
/home/user/local/tests/crosscode_tmp/kbm_crosscode_ref/gs2/kbm_beta0p2.out.nc,0.2,0.7108924200467392,0.12170279576188535,0.1236240416765213,1.0352072715759277,-0.8261002112409732,7.50602703984991
/home/user/local/tests/crosscode_tmp/kbm_crosscode_ref/gs2/kbm_beta0p3.out.nc,0.3,0.7343423908656878,0.10761982176689008,0.07274291664361954,1.0254030227661133,-0.900941417044077,8.528012646101454
/home/user/local/tests/crosscode_tmp/kbm_crosscode_ref/gs2/kbm_beta0p4.out.nc,0.4,0.7455450386391697,0.10057445601545728,0.03685321658849716,1.0274004936218262,-0.9505687588562527,9.215322402180579
/home/user/local/tests/crosscode_tmp/kbm_crosscode_ref/gs2/kbm_beta0p5.out.nc,0.5,0.7523814194018819,0.09645528075095357,0.03801349177956581,1.0385923385620117,-0.9494757701355979,9.767604743628763
