ky,gamma_ref,omega_ref,gamma_spectrax,omega_spectrax,rel_gamma,rel_omega
0.100,0.205736,0.600424,0.412016,0.429874,1.003,-0.284
0.200,0.338459,0.833866,0.478640,0.421465,0.414,-0.495
0.300,0.313749,1.075906,0.503257,0.418781,0.604,-0.611
0.400,0.243252,1.337840,0.516364,0.417497,1.123,-0.688
0.500,0.169281,1.598891,0.524577,0.416754,2.099,-0.739
