source,beta,gamma_ref,omega_ref,gamma_spectrax,omega_spectrax,rel_gamma,rel_omega
/home/user/local/tests/crosscode_tmp/kbm_crosscode_ref/gs2/kbm_beta0p1.out.nc,0.1,0.6364482773919466,0.16915639957414255,0.0009506157948635519,0.13220533728599548,-0.9985063738427277,-0.21844318264737678
/home/user/local/tests/crosscode_tmp/kbm_crosscode_ref/gs2/kbm_beta0p2.out.nc,0.2,0.7108924200467392,0.12170279576188535,0.007245454005897045,0.16396071016788483,-0.9898079458978889,0.34722221573839746
/home/user/local/tests/crosscode_tmp/kbm_crosscode_ref/gs2/kbm_beta0p3.out.nc,0.3,0.7343423908656878,0.10761982176689008,0.0017329282127320766,0.16479799151420593,-0.9976401631796181,0.5312977554559292
/home/user/local/tests/crosscode_tmp/kbm_crosscode_ref/gs2/kbm_beta0p4.out.nc,0.4,0.7455450386391697,0.10057445601545728,0.003974763676524162,0.165547713637352,-0.9946686471366247,0.6460214670403882
/home/user/local/tests/crosscode_tmp/kbm_crosscode_ref/gs2/kbm_beta0p5.out.nc,0.5,0.7523814194018819,0.09645528075095357,0.009566018357872963,0.16359490156173706,-0.9872856796949111,0.6960699330100674
