ky,gamma_ref,omega_ref,gamma_spectrax,omega_spectrax,rel_gamma,rel_omega
0.100,0.034724,0.083083,5.017253,-1589.708252,143.491,-19134.996
0.200,0.158507,0.130817,24.406124,-408.452820,152.975,-3123.323
0.300,0.229960,0.236270,3.876856,-365.785309,15.859,-1549.166
0.400,0.264569,0.351986,-0.885011,-134.289536,-4.345,-382.520
0.500,0.253870,0.467768,-0.798650,-126.834679,-4.146,-272.149
0.600,0.216512,0.567623,-0.835597,-122.202042,-4.859,-216.287
0.700,0.138721,0.657368,-0.916178,-119.197495,-7.604,-182.325
