ky,gamma_ref,omega_ref,gamma_spectrax,omega_spectrax,rel_gamma,rel_omega
0.100,0.034724,0.083083,25.297281,236.876073,727.534,2850.080
0.200,0.158507,0.130817,0.151264,0.032839,-0.046,-0.749
0.300,0.229960,0.236270,0.260220,-0.117184,0.132,-1.496
0.400,0.264569,0.351986,-0.168184,0.155218,-1.636,-0.559
0.500,0.253870,0.467768,0.461513,-0.213307,0.818,-1.456
0.550,0.216512,0.567623,0.373661,-0.517922,0.726,-1.912
0.550,0.216512,0.567623,0.122224,-0.622060,-0.435,-2.096
