ky,gamma_ref,omega_ref,gamma_spectrax,omega_spectrax,rel_gamma,rel_omega
0.100,0.034724,0.083083,0.353396,12.009106,9.177,143.544
0.200,0.158507,0.130817,0.639200,0.235478,3.033,0.800
0.300,0.229960,0.236270,0.002790,-0.278546,-0.988,-2.179
0.400,0.264569,0.351986,0.140591,0.158814,-0.469,-0.549
0.500,0.253870,0.467768,0.165184,-0.131899,-0.349,-1.282
0.550,0.216512,0.567623,0.218762,-0.147170,0.010,-1.259
0.550,0.216512,0.567623,0.218762,-0.147170,0.010,-1.259
