ky,gamma_ref,omega_ref,gamma_spectrax,omega_spectrax,rel_gamma,rel_omega
0.100,0.034724,0.083083,-0.000750,0.061423,-1.022,-0.261
0.200,0.158507,0.130817,-0.012138,0.154191,-1.077,0.179
0.300,0.229960,0.236270,-0.000972,0.233042,-1.004,-0.014
0.400,0.264569,0.351986,-0.001996,0.308892,-1.008,-0.122
0.500,0.253870,0.467768,-0.000019,0.363882,-1.000,-0.222
0.600,0.216512,0.567623,0.000184,0.464794,-0.999,-0.181
0.700,0.138721,0.657368,-0.000769,0.530557,-1.006,-0.193
