ky,gamma_ref,omega_ref,gamma_spectrax,omega_spectrax,rel_gamma,rel_omega
0.100,0.034724,0.083083,70.620819,388.839539,2032.804,4679.138
0.200,0.158507,0.130817,11.609019,-291.039459,72.240,-2225.784
0.300,0.229960,0.236270,-2.557237,-45.442722,-12.120,-193.334
0.400,0.264569,0.351986,-1.885592,-39.755928,-8.127,-113.948
0.500,0.253870,0.467768,-1.427735,-36.249634,-6.624,-78.495
0.600,0.216512,0.567623,-1.209406,-34.172207,-6.586,-61.202
0.700,0.138721,0.657368,-1.106432,-32.915562,-8.976,-51.072
