ky,gamma_ref,omega_ref,gamma_spectrax,omega_spectrax,rel_gamma,rel_omega
0.100,0.034724,0.083083,1.270068,0.668098,35.577,7.041
0.200,0.158507,0.130817,0.993864,-0.259844,5.270,-2.986
0.300,0.229960,0.236270,0.071669,0.229461,-0.688,-0.029
0.400,0.264569,0.351986,0.004172,-0.018551,-0.984,-1.053
0.500,0.253870,0.467768,2.530380,853.343689,8.967,1823.289
0.600,0.216512,0.567623,0.774762,-3.366957,2.578,-6.932
0.700,0.138721,0.657368,0.793268,-3.918733,4.718,-6.961
