ky,gamma_ref,omega_ref,gamma_spectrax,omega_spectrax,rel_gamma,rel_omega
0.100,0.034724,0.083083,-0.024700,-0.024170,-1.711,-1.291
0.200,0.158507,0.130817,0.401701,0.102643,1.534,-0.215
0.300,0.229960,0.236270,0.460248,-0.228110,1.001,-1.965
0.400,0.264569,0.351986,-0.261407,-1.997770,-1.988,-6.676
0.500,0.253870,0.467768,0.150206,-1.961046,-0.408,-5.192
0.550,0.216512,0.567623,-0.140495,-2.358166,-1.649,-5.154
0.550,0.216512,0.567623,-0.140495,-2.358166,-1.649,-5.154
