ky,gamma_ref,omega_ref,gamma_spectrax,omega_spectrax,rel_gamma,rel_omega
0.100,0.034724,0.083083,7.627072,26.794853,218.651,321.507
0.200,0.158507,0.130817,-5.867060,1.457256,-38.014,10.140
0.300,0.229960,0.236270,-5.236969,-4.129370,-23.773,-18.477
0.400,0.264569,0.351986,-4.065474,-6.646780,-16.366,-19.884
0.500,0.253870,0.467768,-184.735962,-0.816697,-728.680,-2.746
0.550,0.216512,0.567623,-1.786958,-3.667703,-9.253,-7.462
0.550,0.216512,0.567623,-1.786958,-3.667703,-9.253,-7.462
