case,status,steps,dt,grid_run_s,spectral_run_s,speedup_grid_over_spectral,max_rel_diff,grid_Wg_end,spectral_Wg_end,Wg_end_rel_diff,grid_Wphi_end,spectral_Wphi_end,Wphi_end_rel_diff,grid_heat_end,spectral_heat_end,heat_end_rel_diff,grid_particle_end,spectral_particle_end,particle_end_rel_diff,grid_gamma_end,spectral_gamma_end,gamma_end_rel_diff,grid_omega_end,spectral_omega_end,omega_end_rel_diff
cyclone,pass,2,0.05,8.104650916007813,2.9910804580140393,2.70960645484909,0.0008896524273331046,0.00015254374011419713,0.0001525437255622819,9.539503369638776e-08,1.2747121218126267e-05,1.274712303711567e-05,1.4269803454862114e-07,1.4736763205291936e-06,1.4736748426003032e-06,1.0028856878492067e-06,0.0,0.0,0.0,0.0026796453166753054,0.0026772613637149334,0.0008896524273331046,0.24048301577568054,0.24047823250293732,1.989027261570469e-05
kbm,pass,2,0.0003,8.492376374982996,2.7604053750110324,3.0764961015731447,0.0,4.66672554135573e-20,4.66672554135573e-20,0.0,2.893168559333064e-20,2.893168559333064e-20,0.0,5.816390098874665e-23,5.816390098874665e-23,0.0,-5.509543796013318e-24,-5.509543796013318e-24,0.0,-0.013311730697751045,-0.013311730697751045,0.0,0.17075443267822266,0.17075443267822266,0.0
