{
  "description": "Optional spectral Laguerre nonlinear mode gate against default grid-mode nonlinear bracket.",
  "rtol": 0.15,
  "atol": 1e-12,
  "rows": [
    {
      "case": "cyclone",
      "status": "pass",
      "config": "examples/nonlinear/axisymmetric/runtime_cyclone_nonlinear_short.toml",
      "geometry_file": null,
      "ky": 0.3,
      "Nl": 4,
      "Nm": 8,
      "steps": 2,
      "dt": 0.05,
      "rtol": 0.15,
      "atol": 1e-12,
      "grid": {
        "Wg_end": 0.00015254374011419713,
        "Wphi_end": 1.2747121218126267e-05,
        "heat_end": 1.4736763205291936e-06,
        "particle_end": 0.0,
        "gamma_end": 0.0026796453166753054,
        "omega_end": 0.24048301577568054,
        "run_s": 8.104650916007813,
        "ky_selected": 0.283687949180603
      },
      "spectral": {
        "Wg_end": 0.0001525437255622819,
        "Wphi_end": 1.274712303711567e-05,
        "heat_end": 1.4736748426003032e-06,
        "particle_end": 0.0,
        "gamma_end": 0.0026772613637149334,
        "omega_end": 0.24047823250293732,
        "run_s": 2.9910804580140393,
        "ky_selected": 0.283687949180603
      },
      "comparison": {
        "Wg_end_rel_diff": 9.539503369638776e-08,
        "Wphi_end_rel_diff": 1.4269803454862114e-07,
        "heat_end_rel_diff": 1.0028856878492067e-06,
        "particle_end_rel_diff": 0.0,
        "gamma_end_rel_diff": 0.0008896524273331046,
        "omega_end_rel_diff": 1.989027261570469e-05,
        "max_rel_diff": 0.0008896524273331046,
        "speedup_grid_over_spectral": 2.70960645484909
      }
    },
    {
      "case": "kbm",
      "status": "pass",
      "config": "examples/nonlinear/axisymmetric/runtime_kbm_nonlinear_short.toml",
      "geometry_file": null,
      "ky": 0.3,
      "Nl": 3,
      "Nm": 4,
      "steps": 2,
      "dt": 0.0003,
      "rtol": 0.15,
      "atol": 1e-12,
      "grid": {
        "Wg_end": 4.66672554135573e-20,
        "Wphi_end": 2.893168559333064e-20,
        "heat_end": 5.816390098874665e-23,
        "particle_end": -5.509543796013318e-24,
        "gamma_end": -0.013311730697751045,
        "omega_end": 0.17075443267822266,
        "run_s": 8.492376374982996,
        "ky_selected": 0.30000001192092896
      },
      "spectral": {
        "Wg_end": 4.66672554135573e-20,
        "Wphi_end": 2.893168559333064e-20,
        "heat_end": 5.816390098874665e-23,
        "particle_end": -5.509543796013318e-24,
        "gamma_end": -0.013311730697751045,
        "omega_end": 0.17075443267822266,
        "run_s": 2.7604053750110324,
        "ky_selected": 0.30000001192092896
      },
      "comparison": {
        "Wg_end_rel_diff": 0.0,
        "Wphi_end_rel_diff": 0.0,
        "heat_end_rel_diff": 0.0,
        "particle_end_rel_diff": 0.0,
        "gamma_end_rel_diff": 0.0,
        "omega_end_rel_diff": 0.0,
        "max_rel_diff": 0.0,
        "speedup_grid_over_spectral": 3.0764961015731447
      }
    }
  ]
}
