{
  "description": "Optional spectral Laguerre nonlinear mode gate against default grid-mode nonlinear bracket.",
  "rtol": 0.15,
  "atol": 1e-12,
  "rows": [
    {
      "case": "cyclone",
      "status": "pass",
      "config": "examples/nonlinear/axisymmetric/runtime_cyclone_nonlinear_short.toml",
      "geometry_file": null,
      "ky": 0.3,
      "Nl": 4,
      "Nm": 8,
      "steps": 2,
      "dt": 0.05,
      "rtol": 0.15,
      "atol": 1e-12,
      "grid": {
        "Wg_end": 0.00015254374011419713,
        "Wphi_end": 1.2747121218126267e-05,
        "heat_end": 1.4736763205291936e-06,
        "particle_end": 0.0,
        "gamma_end": 0.0026796453166753054,
        "omega_end": 0.24048301577568054,
        "run_s": 11.014072458958253,
        "ky_selected": 0.283687949180603
      },
      "spectral": {
        "Wg_end": 0.0001525437255622819,
        "Wphi_end": 1.274712303711567e-05,
        "heat_end": 1.4736748426003032e-06,
        "particle_end": 0.0,
        "gamma_end": 0.0026772613637149334,
        "omega_end": 0.24047823250293732,
        "run_s": 3.803556084050797,
        "ky_selected": 0.283687949180603
      },
      "comparison": {
        "Wg_end_rel_diff": 9.539503369638776e-08,
        "Wphi_end_rel_diff": 1.4269803454862114e-07,
        "heat_end_rel_diff": 1.0028856878492067e-06,
        "particle_end_rel_diff": 0.0,
        "gamma_end_rel_diff": 0.0008896524273331046,
        "omega_end_rel_diff": 1.989027261570469e-05,
        "max_rel_diff": 0.0008896524273331046,
        "speedup_grid_over_spectral": 2.895730262830314
      }
    },
    {
      "case": "kbm",
      "status": "pass",
      "config": "examples/nonlinear/axisymmetric/runtime_kbm_nonlinear_short.toml",
      "geometry_file": null,
      "ky": 0.3,
      "Nl": 3,
      "Nm": 4,
      "steps": 2,
      "dt": 0.0003,
      "rtol": 0.15,
      "atol": 1e-12,
      "grid": {
        "Wg_end": 4.66672554135573e-20,
        "Wphi_end": 2.893168559333064e-20,
        "heat_end": 5.816390098874665e-23,
        "particle_end": -5.509543796013318e-24,
        "gamma_end": -0.013311730697751045,
        "omega_end": 0.17075443267822266,
        "run_s": 10.74256200005766,
        "ky_selected": 0.30000001192092896
      },
      "spectral": {
        "Wg_end": 4.66672554135573e-20,
        "Wphi_end": 2.893168559333064e-20,
        "heat_end": 5.816390098874665e-23,
        "particle_end": -5.509543796013318e-24,
        "gamma_end": -0.013311730697751045,
        "omega_end": 0.17075443267822266,
        "run_s": 3.2422931250184774,
        "ky_selected": 0.30000001192092896
      },
      "comparison": {
        "Wg_end_rel_diff": 0.0,
        "Wphi_end_rel_diff": 0.0,
        "heat_end_rel_diff": 0.0,
        "particle_end_rel_diff": 0.0,
        "gamma_end_rel_diff": 0.0,
        "omega_end_rel_diff": 0.0,
        "max_rel_diff": 0.0,
        "speedup_grid_over_spectral": 3.3132605800397643
      }
    },
    {
      "case": "w7x",
      "status": "pass",
      "config": "examples/nonlinear/non-axisymmetric/runtime_w7x_nonlinear_imported_geometry.toml",
      "geometry_file": "tools_out/pilots/w7x_linear_local.eik.nc",
      "ky": 0.047619047619047616,
      "Nl": 3,
      "Nm": 4,
      "steps": 2,
      "dt": 0.05,
      "rtol": 0.15,
      "atol": 1e-12,
      "grid": {
        "Wg_end": 0.00032673365785740316,
        "Wphi_end": 1.6830937966005877e-05,
        "heat_end": 4.613878445525188e-06,
        "particle_end": 0.0,
        "gamma_end": -0.00010728865163400769,
        "omega_end": -0.03894970566034317,
        "run_s": 11.192615290987305,
        "ky_selected": 0.0476190522313118
      },
      "spectral": {
        "Wg_end": 0.00032673371606506407,
        "Wphi_end": 1.683093432802707e-05,
        "heat_end": 4.6138766265357845e-06,
        "particle_end": 0.0,
        "gamma_end": -0.00010728865163400769,
        "omega_end": -0.03894950821995735,
        "run_s": 6.6899295829935,
        "ky_selected": 0.0476190522313118
      },
      "comparison": {
        "Wg_end_rel_diff": 1.7815015118267203e-07,
        "Wphi_end_rel_diff": 2.161483105956118e-07,
        "heat_end_rel_diff": 3.942430267771835e-07,
        "particle_end_rel_diff": 0.0,
        "gamma_end_rel_diff": 0.0,
        "omega_end_rel_diff": 5.0691111131940166e-06,
        "max_rel_diff": 5.0691111131940166e-06,
        "speedup_grid_over_spectral": 1.6730542754052453
      }
    },
    {
      "case": "hsx",
      "status": "pass",
      "config": "examples/nonlinear/non-axisymmetric/runtime_hsx_nonlinear_vmec_geometry.toml",
      "geometry_file": ".cache/spectrax/vmec_eik/HSX_QHS_vacuum_ns201_a6ec24c48834374f.eik.nc",
      "ky": 0.047619047619047616,
      "Nl": 3,
      "Nm": 4,
      "steps": 2,
      "dt": 0.05,
      "rtol": 0.15,
      "atol": 1e-12,
      "grid": {
        "Wg_end": 0.00032669014763087034,
        "Wphi_end": 1.720670479699038e-05,
        "heat_end": 4.6234004003054e-06,
        "particle_end": 0.0,
        "gamma_end": 8.583050657762215e-05,
        "omega_end": -0.022375378757715225,
        "run_s": 3.95856941700913,
        "ky_selected": 0.0476190522313118
      },
      "spectral": {
        "Wg_end": 0.0003266901185270399,
        "Wphi_end": 1.72067157109268e-05,
        "heat_end": 4.623390850611031e-06,
        "particle_end": 0.0,
        "gamma_end": 8.583050657762215e-05,
        "omega_end": -0.022374894469976425,
        "run_s": 5.97147224994842,
        "ky_selected": 0.0476190522313118
      },
      "comparison": {
        "Wg_end_rel_diff": 8.908695492592063e-08,
        "Wphi_end_rel_diff": 6.34283532350363e-07,
        "heat_end_rel_diff": 2.065513159531876e-06,
        "particle_end_rel_diff": 0.0,
        "gamma_end_rel_diff": 0.0,
        "omega_end_rel_diff": 2.1643778371039294e-05,
        "max_rel_diff": 2.1643778371039294e-05,
        "speedup_grid_over_spectral": 0.6629134744858478
      }
    }
  ]
}
