{
  "Nl": 4,
  "Nm": 8,
  "backend": "cpu",
  "case": "runtime_cyclone_nonlinear",
  "claim_scope": "Linear RHS split profile for hot-path localization. Zero-norm rows describe the profiled initial state only and must not be skipped in production unless a state-window identity gate proves the term remains inactive.",
  "config": "examples/nonlinear/axisymmetric/runtime_cyclone_nonlinear.toml",
  "dominant_measured_term": "linked_abs_kz",
  "dominant_nonzero_norm_term": "linked_grad_z",
  "full_linear_rhs_seconds": 0.049418161492212676,
  "full_over_sum_independently_measured_components": 1.9790415243813435,
  "kind": "linear_rhs_terms_profile_summary",
  "kx": null,
  "ky": 0.3,
  "repeats": 8,
  "rows": {
    "build_H": {
      "norm": 0.1280190646648407,
      "seconds": 0.001128406249335967
    },
    "collisions": {
      "norm": 0.0,
      "seconds": 0.0008798072376521304
    },
    "curvature_gradb": {
      "norm": 0.0525895431637764,
      "seconds": 0.00080884899944067
    },
    "diamagnetic": {
      "norm": 0.03662170097231865,
      "seconds": 0.0009914426336763427
    },
    "end_damping": {
      "norm": 0.003601919626817107,
      "seconds": 0.0008415365009568632
    },
    "field_solve": {
      "norm": 0.053106486797332764,
      "seconds": 0.0003274896298535168
    },
    "full_linear_rhs": {
      "norm": 0.06520643085241318,
      "seconds": 0.049418161492212676
    },
    "hypercollisions": {
      "norm": 0.0,
      "seconds": 0.002159453113563359
    },
    "hyperdiffusion": {
      "norm": 0.001077004591934383,
      "seconds": 0.0009619271149858832
    },
    "linked_abs_kz": {
      "norm": 0.0,
      "seconds": 0.0093891666183481
    },
    "linked_grad_z": {
      "norm": 0.028866907581686974,
      "seconds": 0.004100427133380435
    },
    "mirror": {
      "norm": 0.0003229873545933515,
      "seconds": 0.0009724374976940453
    },
    "streaming": {
      "norm": 0.028866907581686974,
      "seconds": 0.0024098124995362014
    }
  },
  "sum_independently_measured_components_seconds": 0.024970755228423513,
  "zero_norm_terms_by_time": [
    {
      "norm": 0.0,
      "seconds": 0.0093891666183481,
      "term": "linked_abs_kz"
    },
    {
      "norm": 0.0,
      "seconds": 0.002159453113563359,
      "term": "hypercollisions"
    },
    {
      "norm": 0.0,
      "seconds": 0.0008798072376521304,
      "term": "collisions"
    }
  ],
  "zero_norm_threshold": 1e-13
}
