{
  "actual_devices": 2,
  "atol": 2e-05,
  "claim_scope": "engineering timing for the current opt-in electrostatic linear-slices route; not a publication speedup claim",
  "decomposition_axis": "species",
  "git_revision": "f0b2d5d45173ab4c11cb76b04751d3e6fd9acb45",
  "grid": {
    "Nx": 1,
    "Ny_actual": 64,
    "Ny_requested": 64,
    "Nz": 64
  },
  "identity_passed": true,
  "jax_version": "0.6.2",
  "kind": "linear_rhs_parallel_slices_profile",
  "max_abs_error": 9.830249609876773e-07,
  "max_phi_abs_error": 8.394828165947388e-10,
  "max_rel_error": 5.1562439828316086e-08,
  "notes": "Both routes are warmed before timing. The serial route uses the production JIT path; the species route compiles a host-prepared two-device shard-map callable.",
  "phi_norm": 0.062334269285202026,
  "platform": "gpu",
  "python_version": "3.10.12",
  "repeats": 20,
  "requested_devices": 2,
  "rows": [
    {
      "median_s": 0.002555617014877498,
      "route": "serial",
      "samples_s": [
        0.002561461995355785,
        0.002703206962905824,
        0.0025284569710493088,
        0.0025375389959663153,
        0.052194427989888936,
        0.002651755989063531,
        0.0025618039653636515,
        0.002202919975388795,
        0.002540328016038984,
        0.0024456200189888477,
        0.0025497720343992114,
        0.002681754995137453,
        0.0025290990015491843,
        0.002562921028584242,
        0.0013788219657726586,
        0.002679028024431318,
        0.0026176049723289907,
        0.00250573200173676,
        0.0025712469941936433,
        0.0025164129910990596
      ]
    },
    {
      "median_s": 0.006386435008607805,
      "route": "sharded",
      "samples_s": [
        0.002488469996023923,
        0.009223902015946805,
        0.011210247001145035,
        0.002492932020686567,
        0.003624061995651573,
        0.009242467989679426,
        0.01130248000845313,
        0.0025617480278015137,
        0.002929318987298757,
        0.0011817269842140377,
        0.0024936010013334453,
        0.011351644003298134,
        0.01085894595598802,
        0.0025763490120880306,
        0.011404742952436209,
        0.011189154989551753,
        0.009148808021564037,
        0.01117372396402061,
        0.002622592030093074,
        0.002926115004811436
      ]
    }
  ],
  "rtol": 2e-06,
  "serial_median_s": 0.002555617014877498,
  "sharded_median_s": 0.006386435008607805,
  "speedup": 0.40016331669123234,
  "state_shape": [
    2,
    4,
    16,
    64,
    1,
    64
  ],
  "warmups": 2
}
