{
  "Nl": 4,
  "Nm": 8,
  "backend": "gpu",
  "case": "runtime_cyclone_nonlinear",
  "claim_scope": "Linear RHS split profile for hot-path localization. Zero-norm rows describe the profiled initial state only and must not be skipped in production unless a state-window identity gate proves the term remains inactive.",
  "config": "examples/nonlinear/axisymmetric/runtime_cyclone_nonlinear.toml",
  "dominant_measured_term": "hypercollisions",
  "dominant_nonzero_norm_term": "streaming",
  "full_linear_rhs_seconds": 0.006519320246297866,
  "full_over_sum_independently_measured_components": 1.6548681334238586,
  "kind": "linear_rhs_terms_profile_summary",
  "kx": null,
  "ky": 0.3,
  "repeats": 8,
  "rows": {
    "build_H": {
      "norm": 0.12801915407180786,
      "seconds": 0.00034102238714694977
    },
    "collisions": {
      "norm": 0.0,
      "seconds": 0.00012593212886713445
    },
    "curvature_gradb": {
      "norm": 0.052589576691389084,
      "seconds": 0.0002139057614840567
    },
    "diamagnetic": {
      "norm": 0.03662176802754402,
      "seconds": 0.00029696611454710364
    },
    "end_damping": {
      "norm": 0.0036019217222929,
      "seconds": 0.00020277401199564338
    },
    "field_solve": {
      "norm": 0.053106553852558136,
      "seconds": 0.00019353925017639995
    },
    "full_linear_rhs": {
      "norm": 0.06520650535821915,
      "seconds": 0.006519320246297866
    },
    "hypercollisions": {
      "norm": 0.0,
      "seconds": 0.0006128785025794059
    },
    "hyperdiffusion": {
      "norm": 0.0010770095977932215,
      "seconds": 0.0002003184927161783
    },
    "linked_abs_kz": {
      "norm": 0.0,
      "seconds": 0.0003594753798097372
    },
    "linked_grad_z": {
      "norm": 0.02886696718633175,
      "seconds": 0.0005298165197018534
    },
    "mirror": {
      "norm": 0.0003229877329431474,
      "seconds": 0.0002797851338982582
    },
    "streaming": {
      "norm": 0.02886696718633175,
      "seconds": 0.000583066517719999
    }
  },
  "state": "initial",
  "sum_independently_measured_components_seconds": 0.00393948020064272,
  "z_variation_norm": 1.4943761783570153e-08,
  "zero_norm_terms_by_time": [
    {
      "norm": 0.0,
      "seconds": 0.0006128785025794059,
      "term": "hypercollisions"
    },
    {
      "norm": 0.0,
      "seconds": 0.0003594753798097372,
      "term": "linked_abs_kz"
    },
    {
      "norm": 0.0,
      "seconds": 0.00012593212886713445,
      "term": "collisions"
    }
  ],
  "zero_norm_threshold": 1e-13
}
