{
  "actual_devices": 2,
  "atol": 2e-05,
  "claim_scope": "engineering timing for the current opt-in electrostatic linear-slices route; not a publication speedup claim",
  "grid": {
    "Nx": 1,
    "Ny_actual": 32,
    "Ny_requested": 32,
    "Nz": 128
  },
  "identity_passed": true,
  "kind": "linear_rhs_parallel_slices_profile",
  "max_abs_error": 1.8670061763259582e-06,
  "max_phi_abs_error": 7.451490091625601e-09,
  "max_rel_error": 4.698092652688501e-06,
  "notes": "Both routes are warmed before timing. The serial route uses the production JIT path; the sharded route uses the cached fused Hermite shard-map callable.",
  "phi_norm": 0.4848320782184601,
  "platform": "gpu",
  "repeats": 3,
  "requested_devices": 2,
  "rows": [
    {
      "median_s": 0.0042040119878947735,
      "route": "serial",
      "samples_s": [
        0.004580317065119743,
        0.0033496120013296604,
        0.0042040119878947735
      ]
    },
    {
      "median_s": 0.12247901689261198,
      "route": "sharded",
      "samples_s": [
        0.11658790102228522,
        0.12247901689261198,
        0.12399820610880852
      ]
    }
  ],
  "rtol": 1e-05,
  "serial_median_s": 0.0042040119878947735,
  "sharded_median_s": 0.12247901689261198,
  "speedup": 0.034324344647383945,
  "state_shape": [
    4,
    64,
    32,
    1,
    128
  ],
  "warmups": 1
}
