{
  "Nl": 4,
  "Nm": 8,
  "backend": "gpu",
  "case": "runtime_cyclone_nonlinear",
  "claim_scope": "Linear RHS split profile for hot-path localization. Zero-norm rows describe the profiled initial state only and must not be skipped in production unless a state-window identity gate proves the term remains inactive.",
  "config": "examples/nonlinear/axisymmetric/runtime_cyclone_nonlinear.toml",
  "dominant_measured_term": "collisions",
  "dominant_nonzero_norm_term": "hypercollisions",
  "full_linear_rhs_seconds": 0.008941082400269806,
  "full_over_sum_independently_measured_components": 0.7897136562679694,
  "kind": "linear_rhs_terms_profile_summary",
  "kx": null,
  "ky": 0.3,
  "repeats": 8,
  "rows": {
    "build_H": {
      "norm": 0.12811286893802884,
      "seconds": 0.00123846426140517
    },
    "collisions": {
      "norm": 0.0,
      "seconds": 0.0015769012970849872
    },
    "curvature_gradb": {
      "norm": 0.05280611211708143,
      "seconds": 0.00032646977342665195
    },
    "diamagnetic": {
      "norm": 0.03662176730992747,
      "seconds": 0.0010577173670753837
    },
    "end_damping": {
      "norm": 0.0036051841465981143,
      "seconds": 0.00033234694274142385
    },
    "field_solve": {
      "norm": 0.05310655557996763,
      "seconds": 0.00018040998838841915
    },
    "full_linear_rhs": {
      "norm": 0.06555178016424179,
      "seconds": 0.008941082400269806
    },
    "hypercollisions": {
      "norm": 0.00023511425883980725,
      "seconds": 0.0014770759153179824
    },
    "hyperdiffusion": {
      "norm": 0.0010770103756120727,
      "seconds": 0.0003313246415928006
    },
    "linked_abs_kz": {
      "norm": 0.00023511425883980725,
      "seconds": 0.0009720396483317018
    },
    "linked_grad_z": {
      "norm": 0.029249252365357553,
      "seconds": 0.0009775921353138983
    },
    "mirror": {
      "norm": 0.0005122731117727569,
      "seconds": 0.001472944742999971
    },
    "streaming": {
      "norm": 0.029249252365357553,
      "seconds": 0.0013786428608000278
    }
  },
  "state": "z_wave",
  "sum_independently_measured_components_seconds": 0.011321929574478418,
  "z_variation_norm": 0.004898979794234037,
  "zero_norm_terms_by_time": [
    {
      "norm": 0.0,
      "seconds": 0.0015769012970849872,
      "term": "collisions"
    }
  ],
  "zero_norm_threshold": 1e-13
}
