{
  "actual_devices": 2,
  "atol": 2e-05,
  "claim_scope": "engineering timing for the current opt-in electrostatic linear-slices route; not a publication speedup claim",
  "decomposition_axis": "species",
  "git_revision": "a407cad7473533a2536b740006c9002375dd2c23",
  "grid": {
    "Nx": 1,
    "Ny_actual": 64,
    "Ny_requested": 64,
    "Nz": 64
  },
  "identity_passed": true,
  "integration": {
    "dt": 1e-07,
    "field_history_identity": {
      "max_abs_error": 0.0,
      "max_rel_error": 0.0
    },
    "parallel_median_s": 0.5746286250650883,
    "parallel_samples_s": [
      0.5746286250650883,
      0.5741589162498713,
      0.5800357502885163
    ],
    "repeats": 3,
    "serial_median_s": 0.5250340830534697,
    "serial_samples_s": [
      0.5250340830534697,
      0.5432025827467442,
      0.5102478750050068
    ],
    "speedup": 0.9136928794558381,
    "state_identity": {
      "max_abs_error": 0.0,
      "max_rel_error": 0.0
    },
    "steps": 100
  },
  "jax_version": "0.9.2",
  "kind": "linear_rhs_parallel_slices_profile",
  "max_abs_error": 1.0662403155947686e-06,
  "max_phi_abs_error": 9.33139787662185e-10,
  "max_rel_error": 5.5927314968510584e-08,
  "notes": "Both routes are warmed before timing. The serial route uses the production JIT path; the species route compiles a host-prepared two-device shard-map callable.",
  "phi_norm": 0.06233418732881546,
  "platform": "cpu",
  "python_version": "3.11.14",
  "repeats": 5,
  "requested_devices": 2,
  "rows": [
    {
      "median_s": 0.008708250243216753,
      "route": "serial",
      "samples_s": [
        0.00870566675439477,
        0.008954333141446114,
        0.008708250243216753,
        0.008655416779220104,
        0.008770625106990337
      ]
    },
    {
      "median_s": 0.0028407908976078033,
      "route": "sharded",
      "samples_s": [
        0.003163292072713375,
        0.002379083074629307,
        0.0028407908976078033,
        0.002537874970585108,
        0.0029357089661061764
      ]
    }
  ],
  "rtol": 2e-06,
  "serial_median_s": 0.008708250243216753,
  "sharded_median_s": 0.0028407908976078033,
  "speedup": 3.065431619958325,
  "state_shape": [
    2,
    4,
    16,
    64,
    1,
    64
  ],
  "warmups": 2
}
