m,serial_abs,sharded_abs,abs_error
0,0.0,0.0,0.0
1,0.2008126974105835,0.20081275701522827,8.024520781191313e-08
2,0.0,0.0,0.0
3,0.0,0.0,0.0
4,0.0,0.0,0.0
5,0.0,0.0,0.0
6,0.0,0.0,0.0
7,0.0,0.0,0.0
