route,median_s,samples_s
serial,0.14060408296063542,"[0.1836624590214342, 0.14060408296063542, 0.14026391599327326]"
sharded,3.856044082902372,"[3.856044082902372, 3.865216208039783, 3.853381250053644]"
