{
  "actual_devices": 2,
  "atol": 2e-05,
  "claim_scope": "engineering timing for the current opt-in electrostatic linear-slices route; not a publication speedup claim",
  "grid": {
    "Nx": 1,
    "Ny_actual": 8,
    "Ny_requested": 8,
    "Nz": 32
  },
  "identity_passed": true,
  "kind": "linear_rhs_parallel_slices_profile",
  "max_abs_error": 4.132218691665912e-07,
  "max_phi_abs_error": 0.0,
  "max_rel_error": 1.0400418659628485e-06,
  "notes": "The sharded route currently constructs the Hermite mesh inside the opt-in helper. Use this artifact to identify overhead before making speedup claims.",
  "phi_norm": 0.24241623282432556,
  "repeats": 3,
  "requested_devices": 2,
  "rows": [
    {
      "median_s": 0.14060408296063542,
      "route": "serial",
      "samples_s": [
        0.1836624590214342,
        0.14060408296063542,
        0.14026391599327326
      ]
    },
    {
      "median_s": 3.856044082902372,
      "route": "sharded",
      "samples_s": [
        3.856044082902372,
        3.865216208039783,
        3.853381250053644
      ]
    }
  ],
  "rtol": 2e-06,
  "serial_median_s": 0.14060408296063542,
  "sharded_median_s": 3.856044082902372,
  "speedup": 0.036463297601827566,
  "state_shape": [
    4,
    16,
    8,
    1,
    32
  ],
  "warmups": 1
}
