{
  "actual_devices": 2,
  "atol": 2e-05,
  "claim_scope": "engineering timing for the current opt-in electrostatic linear-slices route; not a publication speedup claim",
  "decomposition_axis": "species",
  "git_revision": "777bd13f7cbc371634a3682e8f8157940180c7cb",
  "grid": {
    "Nx": 1,
    "Ny_actual": 64,
    "Ny_requested": 64,
    "Nz": 64
  },
  "identity_passed": true,
  "integration": {
    "claim_scope": "end-to-end explicit electrostatic species integration for this exact grid, step count, device stack, and revision",
    "dt": 1e-07,
    "field_history_identity": {
      "max_abs_error": 0.0,
      "max_rel_error": 0.0
    },
    "identity_passed": true,
    "parallel_median_s": 0.5707030002959073,
    "parallel_samples_s": [
      0.560914124827832,
      0.5995335830375552,
      0.602266791742295,
      0.5696942089125514,
      0.5707030002959073
    ],
    "repeats": 5,
    "sample_stride": 1,
    "serial_median_s": 0.549099207855761,
    "serial_samples_s": [
      0.5500810421071947,
      0.549099207855761,
      0.5425531668588519,
      0.5465865838341415,
      0.5507835834287107
    ],
    "speedup": 0.9621452972405179,
    "speedup_passed": false,
    "state_identity": {
      "max_abs_error": 0.0,
      "max_rel_error": 0.0
    },
    "steps": 100
  },
  "jax_version": "0.9.2",
  "kind": "linear_rhs_parallel_slices_profile",
  "max_abs_error": 1.0662403155947686e-06,
  "max_phi_abs_error": 9.33139787662185e-10,
  "max_rel_error": 5.5927314968510584e-08,
  "notes": "Both routes are warmed before timing. The serial route uses the production JIT path; the species route compiles a host-prepared two-device shard-map callable.",
  "phi_norm": 0.06233418732881546,
  "platform": "cpu",
  "python_version": "3.11.14",
  "repeats": 5,
  "requested_devices": 2,
  "rows": [
    {
      "median_s": 0.008657959289848804,
      "route": "serial",
      "samples_s": [
        0.008657959289848804,
        0.008581208065152168,
        0.008533417247235775,
        0.008678958285599947,
        0.00874087493866682
      ]
    },
    {
      "median_s": 0.002535917330533266,
      "route": "sharded",
      "samples_s": [
        0.002598416991531849,
        0.002607791218906641,
        0.002535917330533266,
        0.0024751657620072365,
        0.002419459167867899
      ]
    }
  ],
  "rtol": 2e-06,
  "serial_median_s": 0.008657959289848804,
  "sharded_median_s": 0.002535917330533266,
  "speedup": 3.414133097165341,
  "state_shape": [
    2,
    4,
    16,
    64,
    1,
    64
  ],
  "warmups": 2
}
