{
  "Nl": 4,
  "Nm": 8,
  "backend": "gpu",
  "case": "runtime_cyclone_nonlinear",
  "claim_scope": "Linear RHS split profile for hot-path localization. Zero-norm rows describe the profiled initial state only and must not be skipped in production unless a state-window identity gate proves the term remains inactive.",
  "config": "examples/nonlinear/axisymmetric/runtime_cyclone_nonlinear.toml",
  "dominant_measured_term": "collisions",
  "dominant_nonzero_norm_term": "streaming",
  "full_linear_rhs_seconds": 0.008962112362496555,
  "full_over_sum_independently_measured_components": 0.837891467593961,
  "kind": "linear_rhs_terms_profile_summary",
  "kx": null,
  "ky": 0.3,
  "repeats": 8,
  "rows": {
    "build_H": {
      "norm": 0.12801916725591525,
      "seconds": 0.0012797573581337929
    },
    "collisions": {
      "norm": 0.0,
      "seconds": 0.0016245304141193628
    },
    "curvature_gradb": {
      "norm": 0.052589573700110054,
      "seconds": 0.00033080135472118855
    },
    "diamagnetic": {
      "norm": 0.03662176730992747,
      "seconds": 0.0010538803762756288
    },
    "end_damping": {
      "norm": 0.003601921846529891,
      "seconds": 0.00033557909773662686
    },
    "field_solve": {
      "norm": 0.05310655557996763,
      "seconds": 0.0001929482677951455
    },
    "full_linear_rhs": {
      "norm": 0.06520649790763855,
      "seconds": 0.008962112362496555
    },
    "hypercollisions": {
      "norm": 0.0,
      "seconds": 0.0014966332237236202
    },
    "hyperdiffusion": {
      "norm": 0.0010770096196093253,
      "seconds": 0.0003273215261287987
    },
    "linked_abs_kz": {
      "norm": 0.0,
      "seconds": 0.0009713798644952476
    },
    "linked_grad_z": {
      "norm": 0.02886696472066111,
      "seconds": 0.0009718787623569369
    },
    "mirror": {
      "norm": 0.0003229877438924296,
      "seconds": 0.000755633634980768
    },
    "streaming": {
      "norm": 0.02886696472066111,
      "seconds": 0.0013556862249970436
    }
  },
  "state": "initial",
  "sum_independently_measured_components_seconds": 0.01069603010546416,
  "z_variation_norm": 1.4943761783570153e-08,
  "zero_norm_terms_by_time": [
    {
      "norm": 0.0,
      "seconds": 0.0016245304141193628,
      "term": "collisions"
    },
    {
      "norm": 0.0,
      "seconds": 0.0014966332237236202,
      "term": "hypercollisions"
    },
    {
      "norm": 0.0,
      "seconds": 0.0009713798644952476,
      "term": "linked_abs_kz"
    }
  ],
  "zero_norm_threshold": 1e-13
}
