{
  "Nl": 4,
  "Nm": 8,
  "backend": "cpu",
  "case": "runtime_cyclone_nonlinear",
  "claim_scope": "Linear RHS split profile for hot-path localization. Zero-norm rows describe the profiled initial state only and must not be skipped in production unless a state-window identity gate proves the term remains inactive.",
  "config": "examples/nonlinear/axisymmetric/runtime_cyclone_nonlinear.toml",
  "dominant_measured_term": "streaming",
  "dominant_nonzero_norm_term": "streaming",
  "full_linear_rhs_seconds": 0.12573690623685252,
  "full_over_sum_independently_measured_components": 7.5175951259404155,
  "kind": "linear_rhs_terms_profile_summary",
  "kx": null,
  "ky": 0.3,
  "repeats": 8,
  "rows": {
    "build_H": {
      "norm": 0.1281127631664276,
      "seconds": 0.0011884269915753976
    },
    "collisions": {
      "norm": 0.0,
      "seconds": 0.000970114502706565
    },
    "curvature_gradb": {
      "norm": 0.05280608311295509,
      "seconds": 0.0007372031250270084
    },
    "diamagnetic": {
      "norm": 0.03662170097231865,
      "seconds": 0.0009774062491487712
    },
    "end_damping": {
      "norm": 0.0036051818169653416,
      "seconds": 0.0008847917488310486
    },
    "field_solve": {
      "norm": 0.053106486797332764,
      "seconds": 0.00027220312040299177
    },
    "full_linear_rhs": {
      "norm": 0.06555171310901642,
      "seconds": 0.12573690623685252
    },
    "hypercollisions": {
      "norm": 0.00023511411563958973,
      "seconds": 0.0020614634995581582
    },
    "hyperdiffusion": {
      "norm": 0.0010770052904263139,
      "seconds": 0.0012836874957429245
    },
    "linked_abs_kz": {
      "norm": 0.00023511411563958973,
      "seconds": 0.00251177599420771
    },
    "linked_grad_z": {
      "norm": 0.029249196872115135,
      "seconds": 0.0019234791252529249
    },
    "mirror": {
      "norm": 0.0005122728180140257,
      "seconds": 0.0013679323747055605
    },
    "streaming": {
      "norm": 0.029249196872115135,
      "seconds": 0.0025471978733548895
    }
  },
  "state": "z_wave",
  "sum_independently_measured_components_seconds": 0.01672568210051395,
  "z_variation_norm": 0.004898979794234037,
  "zero_norm_terms_by_time": [
    {
      "norm": 0.0,
      "seconds": 0.000970114502706565,
      "term": "collisions"
    }
  ],
  "zero_norm_threshold": 1e-13
}
