{
  "actual_devices": 4,
  "atol": 2e-05,
  "claim_scope": "engineering timing for the periodic electrostatic streaming-only mixed species-Hermite RHS; not an integration, GPU, or general scaling claim",
  "decomposition_axis": "species_hermite",
  "git_revision": "93f9c167def48304d2568f75356572ee097b57c4",
  "grid": {
    "Nx": 1,
    "Ny_actual": 64,
    "Ny_requested": 64,
    "Nz": 64
  },
  "identity_passed": true,
  "integration": null,
  "jax_version": "0.9.2",
  "kind": "linear_rhs_parallel_slices_profile",
  "max_abs_error": 1.0662403155947686e-06,
  "max_phi_abs_error": 9.33139787662185e-10,
  "max_rel_error": 5.673847359295657e-08,
  "notes": "Both routes are warmed before timing. The serial route uses the production JIT path; the mixed route uses a four-device 2x2 species-Hermite shard-map.",
  "phi_norm": 0.06233418732881546,
  "platform": "cpu",
  "python_version": "3.11.14",
  "repeats": 9,
  "requested_devices": 4,
  "rows": [
    {
      "median_s": 0.008519833907485008,
      "route": "serial",
      "samples_s": [
        0.008547041565179825,
        0.008919042069464922,
        0.008620208129286766,
        0.008468125015497208,
        0.008715624921023846,
        0.008519833907485008,
        0.008495124988257885,
        0.008436667267233133,
        0.008500541094690561
      ]
    },
    {
      "median_s": 0.0016598748043179512,
      "route": "sharded",
      "samples_s": [
        0.00218158308416605,
        0.0017452919855713844,
        0.0016598748043179512,
        0.0016183340921998024,
        0.00188008276745677,
        0.0017117499373853207,
        0.0014874590560793877,
        0.0013996250927448273,
        0.0015758750960230827
      ]
    }
  ],
  "rtol": 2e-06,
  "serial_median_s": 0.008519833907485008,
  "sharded_median_s": 0.0016598748043179512,
  "speedup": 5.13281717712791,
  "state_shape": [
    2,
    4,
    16,
    64,
    1,
    64
  ],
  "warmups": 2
}
