{
  "actual_devices": 4,
  "atol": 2e-05,
  "claim_scope": "engineering timing for the periodic collision-free electrostatic mixed species-Hermite RHS with a separately reported exact-workload integration gate; not a GPU or general scaling claim",
  "decomposition_axis": "species_hermite",
  "git_revision": "16bb2bfe8851262088d371a9023dc9062b0e4379",
  "grid": {
    "Nx": 1,
    "Ny_actual": 64,
    "Ny_requested": 64,
    "Nz": 64
  },
  "identity_passed": true,
  "integration": {
    "claim_scope": "end-to-end explicit electrostatic mixed species-Hermite collision-free integration for this exact grid, step count, device stack, and revision",
    "dt": 1e-07,
    "field_history_identity": {
      "max_abs_error": 0.0,
      "max_rel_error": 0.0
    },
    "identity_passed": true,
    "parallel_median_s": 0.563680584076792,
    "parallel_samples_s": [
      0.5392021248117089,
      0.563680584076792,
      0.5690725003369153,
      0.6002045418135822,
      0.5515071656554937
    ],
    "repeats": 5,
    "sample_stride": 1,
    "serial_median_s": 0.4991736668162048,
    "serial_samples_s": [
      0.5451741670258343,
      0.4924890408292413,
      0.5054836673662066,
      0.4991736668162048,
      0.49617908289656043
    ],
    "speedup": 0.8855612219352241,
    "speedup_passed": false,
    "state_identity": {
      "max_abs_error": 0.0,
      "max_rel_error": 0.0
    },
    "steps": 100
  },
  "jax_version": "0.9.2",
  "kind": "linear_rhs_parallel_slices_profile",
  "max_abs_error": 1.0662403155947686e-06,
  "max_phi_abs_error": 9.33139787662185e-10,
  "max_rel_error": 5.5927314968510584e-08,
  "notes": "Both routes are warmed before timing. The serial route uses the production JIT path; the mixed route uses a four-device 2x2 species-Hermite shard-map.",
  "phi_norm": 0.06233418732881546,
  "platform": "cpu",
  "python_version": "3.11.14",
  "repeats": 7,
  "requested_devices": 4,
  "rows": [
    {
      "median_s": 0.008630083873867989,
      "route": "serial",
      "samples_s": [
        0.008813458029180765,
        0.008552207611501217,
        0.008630083873867989,
        0.008535875007510185,
        0.008564166724681854,
        0.00864124996587634,
        0.009250833187252283
      ]
    },
    {
      "median_s": 0.0029418752528727055,
      "route": "sharded",
      "samples_s": [
        0.003315542358905077,
        0.0032537919469177723,
        0.003089624922722578,
        0.0029418752528727055,
        0.002860625274479389,
        0.002597792074084282,
        0.0026826667599380016
      ]
    }
  ],
  "rtol": 2e-06,
  "serial_median_s": 0.008630083873867989,
  "sharded_median_s": 0.0029418752528727055,
  "speedup": 2.933531551156296,
  "state_shape": [
    2,
    4,
    16,
    64,
    1,
    64
  ],
  "warmups": 2
}
