{
  "Nl": 4,
  "Nm": 8,
  "backend": "gpu",
  "case": "runtime_cyclone_nonlinear",
  "claim_scope": "Linear RHS split profile for hot-path localization. Zero-norm rows describe the profiled initial state only and must not be skipped in production unless a state-window identity gate proves the term remains inactive.",
  "config": "examples/nonlinear/axisymmetric/runtime_cyclone_nonlinear.toml",
  "dominant_measured_term": "streaming",
  "dominant_nonzero_norm_term": "streaming",
  "full_linear_rhs_seconds": 0.0064260425278916955,
  "full_over_sum_independently_measured_components": 0.8780322838041976,
  "kind": "linear_rhs_terms_profile_summary",
  "kx": null,
  "ky": 0.3,
  "repeats": 8,
  "rows": {
    "build_H": {
      "norm": 0.12811286747455597,
      "seconds": 0.00040569750126451254
    },
    "collisions": {
      "norm": 0.0,
      "seconds": 0.00023993465583771467
    },
    "curvature_gradb": {
      "norm": 0.05280611291527748,
      "seconds": 0.0003151653800159693
    },
    "diamagnetic": {
      "norm": 0.03662176802754402,
      "seconds": 0.0004093978786841035
    },
    "end_damping": {
      "norm": 0.0036051839124411345,
      "seconds": 0.0003228929126635194
    },
    "field_solve": {
      "norm": 0.053106553852558136,
      "seconds": 0.00032141548581421375
    },
    "full_linear_rhs": {
      "norm": 0.06555178761482239,
      "seconds": 0.0064260425278916955
    },
    "hypercollisions": {
      "norm": 0.00023511429026257247,
      "seconds": 0.0005817852797918022
    },
    "hyperdiffusion": {
      "norm": 0.0010770104127004743,
      "seconds": 0.0002940731355920434
    },
    "linked_abs_kz": {
      "norm": 0.00023511429026257247,
      "seconds": 0.0004294028622098267
    },
    "linked_grad_z": {
      "norm": 0.02924925461411476,
      "seconds": 0.0005211280076764524
    },
    "mirror": {
      "norm": 0.0005122731090523303,
      "seconds": 0.0009766026050783694
    },
    "streaming": {
      "norm": 0.02924925461411476,
      "seconds": 0.002501190232578665
    }
  },
  "state": "z_wave",
  "sum_independently_measured_components_seconds": 0.007318685937207192,
  "z_variation_norm": 0.004898979794234037,
  "zero_norm_terms_by_time": [
    {
      "norm": 0.0,
      "seconds": 0.00023993465583771467,
      "term": "collisions"
    }
  ],
  "zero_norm_threshold": 1e-13
}
