{
  "actual_devices": 2,
  "atol": 2e-05,
  "claim_scope": "engineering timing for the current opt-in electrostatic linear-slices route; not a publication speedup claim",
  "decomposition_axis": "species",
  "git_revision": "321fec1918c3dda50f3fbc88c3d9976e2883cf98",
  "grid": {
    "Nx": 1,
    "Ny_actual": 64,
    "Ny_requested": 64,
    "Nz": 64
  },
  "identity_passed": true,
  "integration": {
    "dt": 1e-07,
    "field_history_identity": {
      "max_abs_error": 0.0,
      "max_rel_error": 0.0
    },
    "parallel_median_s": 0.5668902918696404,
    "parallel_samples_s": [
      0.5668902918696404,
      0.5635768747888505,
      0.605183083564043
    ],
    "repeats": 3,
    "serial_median_s": 0.5350895416922867,
    "serial_samples_s": [
      0.5378793329000473,
      0.5316836670972407,
      0.5350895416922867
    ],
    "speedup": 0.9439031667441813,
    "state_identity": {
      "max_abs_error": 0.0,
      "max_rel_error": 0.0
    },
    "steps": 100
  },
  "jax_version": "0.9.2",
  "kind": "linear_rhs_parallel_slices_profile",
  "max_abs_error": 1.0662403155947686e-06,
  "max_phi_abs_error": 9.33139787662185e-10,
  "max_rel_error": 5.5927314968510584e-08,
  "notes": "Both routes are warmed before timing. The serial route uses the production JIT path; the species route compiles a host-prepared two-device shard-map callable.",
  "phi_norm": 0.06233418732881546,
  "platform": "cpu",
  "python_version": "3.11.14",
  "repeats": 5,
  "requested_devices": 2,
  "rows": [
    {
      "median_s": 0.008712416980415583,
      "route": "serial",
      "samples_s": [
        0.008432500064373016,
        0.008862166665494442,
        0.008460792247205973,
        0.008712416980415583,
        0.00962945818901062
      ]
    },
    {
      "median_s": 0.002437625080347061,
      "route": "sharded",
      "samples_s": [
        0.0026336670853197575,
        0.003123207949101925,
        0.002360500395298004,
        0.002437625080347061,
        0.0022816252894699574
      ]
    }
  ],
  "rtol": 2e-06,
  "serial_median_s": 0.008712416980415583,
  "sharded_median_s": 0.002437625080347061,
  "speedup": 3.574141507920134,
  "state_shape": [
    2,
    4,
    16,
    64,
    1,
    64
  ],
  "warmups": 2
}
