{
  "Nl": 4,
  "Nm": 8,
  "backend": "cpu",
  "case": "runtime_cyclone_nonlinear_miller",
  "claim_scope": "Linear RHS split profile for hot-path localization. Zero-norm rows describe the profiled initial state only and must not be skipped in production unless a state-window identity gate proves the term remains inactive.",
  "config": "examples/nonlinear/axisymmetric/runtime_cyclone_nonlinear_miller.toml",
  "dominant_measured_term": "streaming",
  "dominant_nonzero_norm_term": "streaming",
  "full_linear_rhs_seconds": 0.293220974993892,
  "full_over_sum_independently_measured_components": 6.075777499133096,
  "kind": "linear_rhs_terms_profile_summary",
  "kx": null,
  "ky": 0.3,
  "repeats": 5,
  "rows": {
    "build_H": {
      "norm": 0.18825852870941162,
      "seconds": 0.003102599992416799
    },
    "collisions": {
      "norm": 0.0,
      "seconds": 0.0032635334180668
    },
    "curvature_gradb": {
      "norm": 0.14345727860927582,
      "seconds": 0.002287858398631215
    },
    "diamagnetic": {
      "norm": 0.0491844080388546,
      "seconds": 0.002927208412438631
    },
    "end_damping": {
      "norm": 0.004815304186195135,
      "seconds": 0.00231309998780489
    },
    "field_solve": {
      "norm": 0.06516403704881668,
      "seconds": 0.0006928917951881886
    },
    "full_linear_rhs": {
      "norm": 0.16460035741329193,
      "seconds": 0.293220974993892
    },
    "hypercollisions": {
      "norm": 0.0003832922666333616,
      "seconds": 0.006203891802579164
    },
    "hyperdiffusion": {
      "norm": 0.0022659695241600275,
      "seconds": 0.0028674999950453637
    },
    "linked_abs_kz": {
      "norm": 0.0003832922666333616,
      "seconds": 0.006177408387884498
    },
    "linked_grad_z": {
      "norm": 0.061223212629556656,
      "seconds": 0.006389216613024473
    },
    "mirror": {
      "norm": 0.0006389314658008516,
      "seconds": 0.0047080500051379206
    },
    "streaming": {
      "norm": 0.061223212629556656,
      "seconds": 0.00732739178929478
    }
  },
  "state": "z_wave_linear_kick",
  "sum_independently_measured_components_seconds": 0.04826065059751272,
  "z_variation_norm": 0.004901387263089418,
  "zero_norm_terms_by_time": [
    {
      "norm": 0.0,
      "seconds": 0.0032635334180668,
      "term": "collisions"
    }
  ],
  "zero_norm_threshold": 1e-13
}
