{
  "Nl": 4,
  "Nm": 8,
  "backend": "cpu",
  "case": "runtime_cyclone_nonlinear",
  "claim_scope": "Linear RHS split profile for hot-path localization. Zero-norm rows describe the profiled initial state only and must not be skipped in production unless a state-window identity gate proves the term remains inactive.",
  "config": "examples/nonlinear/axisymmetric/runtime_cyclone_nonlinear.toml",
  "dominant_measured_term": "hypercollisions",
  "dominant_nonzero_norm_term": "streaming",
  "full_linear_rhs_seconds": 0.11728879688598681,
  "full_over_sum_independently_measured_components": 6.529161264210719,
  "kind": "linear_rhs_terms_profile_summary",
  "kx": null,
  "ky": 0.3,
  "repeats": 8,
  "rows": {
    "build_H": {
      "norm": 0.1280190646648407,
      "seconds": 0.0012376458762446418
    },
    "collisions": {
      "norm": 0.0,
      "seconds": 0.0012869531201431528
    },
    "curvature_gradb": {
      "norm": 0.0525895431637764,
      "seconds": 0.0010189634922426194
    },
    "diamagnetic": {
      "norm": 0.03662170097231865,
      "seconds": 0.0013735519896727055
    },
    "end_damping": {
      "norm": 0.003601919626817107,
      "seconds": 0.0009565103828208521
    },
    "field_solve": {
      "norm": 0.053106486797332764,
      "seconds": 0.0002353750023758039
    },
    "full_linear_rhs": {
      "norm": 0.06520643085241318,
      "seconds": 0.11728879688598681
    },
    "hypercollisions": {
      "norm": 0.0,
      "seconds": 0.002868260387913324
    },
    "hyperdiffusion": {
      "norm": 0.001077004591934383,
      "seconds": 0.001144354129792191
    },
    "linked_abs_kz": {
      "norm": 0.0,
      "seconds": 0.0024155885039363056
    },
    "linked_grad_z": {
      "norm": 0.028866907581686974,
      "seconds": 0.0019432968692854047
    },
    "mirror": {
      "norm": 0.0003229873545933515,
      "seconds": 0.00122221875062678
    },
    "streaming": {
      "norm": 0.028866907581686974,
      "seconds": 0.0022611197491642088
    }
  },
  "state": "initial",
  "sum_independently_measured_components_seconds": 0.01796383825421799,
  "z_variation_norm": 1.4943747572715438e-08,
  "zero_norm_terms_by_time": [
    {
      "norm": 0.0,
      "seconds": 0.002868260387913324,
      "term": "hypercollisions"
    },
    {
      "norm": 0.0,
      "seconds": 0.0024155885039363056,
      "term": "linked_abs_kz"
    },
    {
      "norm": 0.0,
      "seconds": 0.0012869531201431528,
      "term": "collisions"
    }
  ],
  "zero_norm_threshold": 1e-13
}
