nu,gamma,omega
0.00,2.950805,-4.841628
0.10,2.838821,-4.818386
0.20,2.728484,-4.795706
0.30,2.619687,-4.773547
