kernel,seconds,repeats,norm
field_solve,0.0002764674136415124,10,0.053106553852558136
nonlinear_bracket,0.0027686208952218292,10,5.842456084792502e-05
linear_rhs,0.006430747592821718,10,0.06509096920490265
full_rhs,0.008908999292179942,10,0.06509078294038773
