kernel,seconds,repeats,norm
field_solve,0.0007165833958424628,5,0.053106486797332764
nonlinear_bracket,0.039275816606823354,5,5.841359597980045e-05
linear_rhs,0.03796783339930698,5,0.06520643085241318
full_rhs,0.08140844180015847,5,0.06520619243383408
