kernel,seconds,repeats,norm
field_solve,0.0003540540928952396,10,0.053106486797332764
nonlinear_bracket,0.02373811670113355,10,5.796493496745825e-05
linear_rhs,0.040700941695831716,10,0.06509089469909668
full_rhs,0.07730242080288008,10,0.06509070843458176
