kernel,seconds,repeats,norm
field_solve,0.00020514423958957196,10,0.05310655557996763
nonlinear_bracket,0.005899122497066855,10,5.7965057557274415e-05
linear_rhs,0.011550335586071015,10,0.06509096175432205
full_rhs,0.016865779738873245,10,0.06509079033714617
