{
  "case": "cyclone_miller_benchmark_size",
  "claim_scope": "RHS split profile for hot-path localization. Treat speedups as bounded engineering measurements; production runtime claims require matched benchmark-size CPU/GPU sweeps.",
  "fastest_full_rhs_label": "GPU grid",
  "fastest_full_rhs_seconds": 0.012803101912140846,
  "kind": "nonlinear_rhs_profile_summary",
  "rows": {
    "CPU grid": {
      "dominant_measured_kernel": "linear_rhs",
      "field_solve_fraction_of_full_rhs": 0.0021425481700180294,
      "linear_rhs_fraction_of_full_rhs": 0.3624239089360455,
      "nonlinear_bracket_fraction_of_full_rhs": 0.3060265182983238,
      "seconds": {
        "field_solve": 0.0006825582124292851,
        "full_rhs": 0.3185731000034139,
        "linear_rhs": 0.11545850818511098,
        "nonlinear_bracket": 0.09749181661754847
      }
    },
    "CPU spectral": {
      "dominant_measured_kernel": "linear_rhs",
      "field_solve_fraction_of_full_rhs": 0.003157780533405611,
      "linear_rhs_fraction_of_full_rhs": 0.5212618574100586,
      "nonlinear_bracket_fraction_of_full_rhs": 0.34404139003338496,
      "seconds": {
        "field_solve": 0.0008720081998035312,
        "full_rhs": 0.2761459165951237,
        "linear_rhs": 0.1439443334005773,
        "nonlinear_bracket": 0.09500562499742955
      }
    },
    "GPU grid": {
      "dominant_measured_kernel": "nonlinear_bracket",
      "field_solve_fraction_of_full_rhs": 0.03219291659277297,
      "linear_rhs_fraction_of_full_rhs": 0.5103808288304855,
      "nonlinear_bracket_fraction_of_full_rhs": 0.5197131261244996,
      "seconds": {
        "field_solve": 0.0004121691919863224,
        "full_rhs": 0.012803101912140846,
        "linear_rhs": 0.006534457765519619,
        "nonlinear_bracket": 0.006653940118849277
      }
    },
    "GPU spectral": {
      "dominant_measured_kernel": "linear_rhs",
      "field_solve_fraction_of_full_rhs": 0.016864110719872656,
      "linear_rhs_fraction_of_full_rhs": 0.4320239582069234,
      "nonlinear_bracket_fraction_of_full_rhs": 0.27582102806460146,
      "seconds": {
        "field_solve": 0.0002488802187144756,
        "full_rhs": 0.014757980592548847,
        "linear_rhs": 0.00637580119073391,
        "nonlinear_bracket": 0.00407056137919426
      }
    }
  },
  "spectral_speedups": {
    "cpu": {
      "full_rhs_grid_over_spectral": 1.153640451872028,
      "nonlinear_bracket_grid_over_spectral": 1.0261688886335538
    },
    "gpu": {
      "full_rhs_grid_over_spectral": 0.8675375219428735,
      "nonlinear_bracket_grid_over_spectral": 1.6346492532600947
    }
  }
}
