kernel,seconds,repeats,norm
field_solve,0.0001906916033476591,5,0.053106486797332764
nonlinear_bracket,0.034739474998787045,5,5.841359597980045e-05
linear_rhs,0.04431432499550283,5,0.06520643085241318
full_rhs,0.07076624180190265,5,0.06520619243383408
