row_order/column_order,"RBS(1,1)","ZBC(1,1)","RBS(1,0)","ZBC(1,0)"
Rsin_mid_surface_m1,-0.014091769855862534,0.003514513320356745,0.6867120970762381,-0.008040678349298877
Zcos_mid_surface_m1,-0.022160871377904772,0.034597094197776825,-0.004554675283786296,0.6852749009593682
