{
  "case": "cyclone_short",
  "claim_scope": "RHS split profile for hot-path localization. Treat speedups as bounded engineering measurements; production runtime claims require matched benchmark-size CPU/GPU sweeps.",
  "fastest_full_rhs_label": "GPU spectral",
  "fastest_full_rhs_seconds": 0.0055048934184014795,
  "kind": "nonlinear_rhs_profile_summary",
  "rows": {
    "CPU grid": {
      "dominant_measured_kernel": "linear_rhs",
      "field_solve_fraction_of_full_rhs": 0.00269466907514272,
      "linear_rhs_fraction_of_full_rhs": 0.626207127397733,
      "nonlinear_bracket_fraction_of_full_rhs": 0.4909046194092651,
      "seconds": {
        "field_solve": 0.0001906916033476591,
        "full_rhs": 0.07076624180190265,
        "linear_rhs": 0.04431432499550283,
        "nonlinear_bracket": 0.034739474998787045
      }
    },
    "CPU spectral": {
      "dominant_measured_kernel": "linear_rhs",
      "field_solve_fraction_of_full_rhs": 0.003622820932571882,
      "linear_rhs_fraction_of_full_rhs": 0.7066861656849631,
      "nonlinear_bracket_fraction_of_full_rhs": 0.3281511958349049,
      "seconds": {
        "field_solve": 0.0002311915857717395,
        "full_rhs": 0.06381534999236464,
        "linear_rhs": 0.04509742499794811,
        "nonlinear_bracket": 0.020941083412617446
      }
    },
    "GPU grid": {
      "dominant_measured_kernel": "linear_rhs",
      "field_solve_fraction_of_full_rhs": 0.013649060163387489,
      "linear_rhs_fraction_of_full_rhs": 0.6990519994278238,
      "nonlinear_bracket_fraction_of_full_rhs": 0.31426522494587805,
      "seconds": {
        "field_solve": 0.0001250114990398288,
        "full_rhs": 0.009158982196822762,
        "linear_rhs": 0.006402604817412794,
        "nonlinear_bracket": 0.0028783496003597976
      }
    },
    "GPU spectral": {
      "dominant_measured_kernel": "linear_rhs",
      "field_solve_fraction_of_full_rhs": 0.020898699528761954,
      "linear_rhs_fraction_of_full_rhs": 1.1920739936830913,
      "nonlinear_bracket_fraction_of_full_rhs": 0.23290449454825693,
      "seconds": {
        "field_solve": 0.00011504511348903179,
        "full_rhs": 0.0055048934184014795,
        "linear_rhs": 0.006562240282073617,
        "nonlinear_bracket": 0.0012821144191548228
      }
    }
  },
  "spectral_speedups": {
    "cpu": {
      "full_rhs_grid_over_spectral": 1.108921941356894,
      "nonlinear_bracket_grid_over_spectral": 1.6589148858389904
    },
    "gpu": {
      "full_rhs_grid_over_spectral": 1.6637891963914468,
      "nonlinear_bracket_grid_over_spectral": 2.245002128793795
    }
  }
}
