{
  "case": "cyclone_short",
  "claim_scope": "RHS split profile for hot-path localization. Treat speedups as bounded engineering measurements; production runtime claims require matched benchmark-size CPU/GPU sweeps.",
  "fastest_full_rhs_label": "GPU spectral",
  "fastest_full_rhs_seconds": 0.0055048934184014795,
  "kind": "nonlinear_rhs_profile_summary",
  "rows": {
    "CPU grid": {
      "dominant_measured_kernel": "linear_rhs",
      "field_solve_fraction_of_full_rhs": 0.004849349525281477,
      "linear_rhs_fraction_of_full_rhs": 0.7229092793481516,
      "nonlinear_bracket_fraction_of_full_rhs": 0.4018501077430945,
      "seconds": {
        "field_solve": 0.0006318542000371963,
        "full_rhs": 0.13029669169918634,
        "linear_rhs": 0.09419268749770708,
        "nonlinear_bracket": 0.0523597395978868
      }
    },
    "CPU spectral": {
      "dominant_measured_kernel": "linear_rhs",
      "field_solve_fraction_of_full_rhs": 0.002853443857041452,
      "linear_rhs_fraction_of_full_rhs": 0.76600635619033,
      "nonlinear_bracket_fraction_of_full_rhs": 0.279766855189286,
      "seconds": {
        "field_solve": 0.00035956460051238536,
        "full_rhs": 0.1260107500012964,
        "linear_rhs": 0.09652503544930369,
        "nonlinear_bracket": 0.035253631247906016
      }
    },
    "GPU grid": {
      "dominant_measured_kernel": "linear_rhs",
      "field_solve_fraction_of_full_rhs": 0.013649060163387489,
      "linear_rhs_fraction_of_full_rhs": 0.6990519994278238,
      "nonlinear_bracket_fraction_of_full_rhs": 0.31426522494587805,
      "seconds": {
        "field_solve": 0.0001250114990398288,
        "full_rhs": 0.009158982196822762,
        "linear_rhs": 0.006402604817412794,
        "nonlinear_bracket": 0.0028783496003597976
      }
    },
    "GPU spectral": {
      "dominant_measured_kernel": "linear_rhs",
      "field_solve_fraction_of_full_rhs": 0.020898699528761954,
      "linear_rhs_fraction_of_full_rhs": 1.1920739936830913,
      "nonlinear_bracket_fraction_of_full_rhs": 0.23290449454825693,
      "seconds": {
        "field_solve": 0.00011504511348903179,
        "full_rhs": 0.0055048934184014795,
        "linear_rhs": 0.006562240282073617,
        "nonlinear_bracket": 0.0012821144191548228
      }
    }
  },
  "spectral_speedups": {
    "cpu": {
      "full_rhs_grid_over_spectral": 1.0340125084395246,
      "nonlinear_bracket_grid_over_spectral": 1.4852296839916836
    },
    "gpu": {
      "full_rhs_grid_over_spectral": 1.6637891963914468,
      "nonlinear_bracket_grid_over_spectral": 2.245002128793795
    }
  }
}
