route,median_s,mean_s,min_s,max_s
serial,0.0005181040032766759,0.0005512392526725307,0.0004960410296916962,0.0007308329222723842
logical_domain,0.0004988545551896095,0.0005133020167704672,0.00046616606414318085,0.0006402920698747039
