state_parameter,mapping_ready,blockers,input_control_argument,condition_number,relative_residual,short_bracket_command_fragment
Rsin_mid_surface_m1,True,,"RBS(1,1):-0.0306918042441 ZBC(1,1):0.00872732414398 RBS(1,0):1.45563635656 ZBC(1,0):0.00824173444235",1.0175602609935996,2.2711134634690797e-16,"--control RBS(1,1):-0.0306918042441 ZBC(1,1):0.00872732414398 RBS(1,0):1.45563635656 ZBC(1,0):0.00824173444235 --relative-delta 0.02"
Zcos_mid_surface_m1,True,,"RBS(1,1):-0.0475539276741 ZBC(1,1):0.0735580744532 RBS(1,0):0.0156739335766 ZBC(1,0):1.45412104861",1.0175602609935996,5.204170427930421e-18,"--control RBS(1,1):-0.0475539276741 ZBC(1,1):0.0735580744532 RBS(1,0):0.0156739335766 ZBC(1,0):1.45412104861 --relative-delta 0.02"
