{
  "case": "cyclone_nonlinear_fixed_step",
  "claim_scope": "Profiler/identity artifact for fixed-step nonlinear state sharding and candidate state-axis decompositions. Do not use as a published runtime claim without a larger matched CPU/GPU sweep and profiler trace review.",
  "default_backend": "cpu",
  "device_count": 1,
  "devices": [
    "TFRT_CPU_0"
  ],
  "dt": 0.02,
  "engineering_speedup": 1.1413870667541752,
  "identity_gate_pass": true,
  "laguerre_mode": "grid",
  "max_abs_state_error": 0.0,
  "max_rel_state_error": 0.0,
  "method": "rk2",
  "profiler_trace": {
    "error": null,
    "path": null,
    "requested": false
  },
  "repeats": 2,
  "serial_stats_s": {
    "max": 0.43773200002033263,
    "mean": 0.4374767085100757,
    "median": 0.4374767085100757,
    "min": 0.43722141699981876,
    "std": 0.00025529151025693864
  },
  "serial_times_s": [
    0.43722141699981876,
    0.43773200002033263
  ],
  "serial_warm_s": 0.4374767085100757,
  "sharded_results": {
    "auto": {
      "engineering_speedup_median": 1.1413870667541752,
      "error": null,
      "identity_gate_pass": true,
      "max_abs_state_error": 0.0,
      "max_rel_state_error": 0.0,
      "state_sharding_active": false,
      "stats_s": {
        "max": 0.39391991699812934,
        "mean": 0.3832851459883386,
        "median": 0.3832851459883386,
        "min": 0.3726503749785479,
        "std": 0.010634771009790711
      },
      "times_s": [
        0.3726503749785479,
        0.39391991699812934
      ]
    },
    "kx": {
      "engineering_speedup_median": 1.1511627317350575,
      "error": null,
      "identity_gate_pass": true,
      "max_abs_state_error": 0.0,
      "max_rel_state_error": 0.0,
      "state_sharding_active": false,
      "stats_s": {
        "max": 0.38107695800135843,
        "mean": 0.3800302915042266,
        "median": 0.3800302915042266,
        "min": 0.3789836250070948,
        "std": 0.0010466664971318096
      },
      "times_s": [
        0.38107695800135843,
        0.3789836250070948
      ]
    }
  },
  "sharded_warm_s": 0.3832851459883386,
  "sharding_options": [
    "auto",
    "kx"
  ],
  "state_shape": [
    2,
    3,
    4,
    2,
    8
  ],
  "state_sharding_active": false,
  "state_sharding_requested": "auto",
  "steps": 2,
  "warmups": 1
}
