kernel,seconds,repeats,norm
field_solve,0.0002311915857717395,5,0.053106486797332764
nonlinear_bracket,0.020941083412617446,5,5.796493496745825e-05
linear_rhs,0.04509742499794811,5,0.06520643085241318
full_rhs,0.06381534999236464,5,0.06520621478557587
