kernel,seconds,repeats,norm
field_solve,0.0001250114990398288,10,0.053106553852558136
nonlinear_bracket,0.0028783496003597976,10,5.842456084792502e-05
linear_rhs,0.006402604817412794,10,0.06520650535821915
full_rhs,0.009158982196822762,10,0.06520628184080124
