kernel,seconds,repeats,norm
field_solve,0.00018463698215782643,10,0.05310655557996763
nonlinear_bracket,0.019170562317594887,10,5.841369032807673e-05
linear_rhs,0.016997435363009572,10,0.06509096175432205
full_rhs,0.028518798109143973,10,0.06509077404022488
