{
  "atol": 5e-06,
  "backend": "cpu",
  "claim_scope": "device z-sharded fused pencil nonlinear RHS timing; FFT axes are local per z shard, no global spectral reconstruction is used, and no production speedup claim is allowed unless the speedup gate passes",
  "device_count_available": 4,
  "kind": "nonlinear_device_z_pencil_rhs_profile",
  "min_speedup": 1.5,
  "repeats": 5,
  "rows": [
    {
      "active": true,
      "blocked_reasons": [],
      "device_count": 1,
      "identity_passed": true,
      "median_s": 0.16992274997755885,
      "rhs_max_abs_error": 0.0,
      "rhs_max_rel_error": 0.0,
      "speedup_gate_passed": false,
      "speedup_vs_serial": 1.0,
      "stats": {
        "max": 0.17888504196889699,
        "mean": 0.15492538339458406,
        "median": 0.16992274997755885,
        "min": 0.12663650000467896,
        "std": 0.022454368609888014
      }
    },
    {
      "active": true,
      "blocked_reasons": [
        "speedup_below_gate"
      ],
      "device_count": 2,
      "identity_passed": true,
      "median_s": 0.3818487919634208,
      "rhs_max_abs_error": 7.362751519579547e-10,
      "rhs_max_rel_error": 3.7210398304767414e-07,
      "speedup_gate_passed": false,
      "speedup_vs_serial": 0.44500009834740184,
      "stats": {
        "max": 0.3934112499700859,
        "mean": 0.3820930249989033,
        "median": 0.3818487919634208,
        "min": 0.3707036670530215,
        "std": 0.007223966794627434
      }
    },
    {
      "active": true,
      "blocked_reasons": [
        "speedup_below_gate"
      ],
      "device_count": 4,
      "identity_passed": true,
      "median_s": 0.4713522079400718,
      "rhs_max_abs_error": 7.362751519579547e-10,
      "rhs_max_rel_error": 3.7210398304767414e-07,
      "speedup_gate_passed": false,
      "speedup_vs_serial": 0.360500591946231,
      "stats": {
        "max": 0.4810184579109773,
        "mean": 0.4638468749355525,
        "median": 0.4713522079400718,
        "min": 0.42170854192227125,
        "std": 0.02147216046613602
      }
    }
  ],
  "rtol": 0.0001,
  "serial_stats_s": {
    "max": 0.17888504196889699,
    "mean": 0.15492538339458406,
    "median": 0.16992274997755885,
    "min": 0.12663650000467896,
    "std": 0.022454368609888014
  },
  "shape": [
    4,
    16,
    96,
    96,
    32
  ],
  "summary": {
    "all_active_identity_passed": true,
    "max_speedup_vs_serial": 0.44500009834740184,
    "production_speedup_claim_allowed": false,
    "status": "identity_timed_no_production_speedup"
  },
  "warmups": 2
}
