kernel,seconds,repeats,norm
field_solve,0.0005248208064585925,10,0.053106555579967574
nonlinear_bracket,0.05828677909448743,10,5.841369032807674e-05
linear_rhs,0.10473801670596003,10,0.06509094685316086
full_rhs,0.14708164579933508,10,0.06509077404022463
