kernel,seconds,repeats,norm
field_solve,0.0003977250016760081,5,0.053106486797332764
nonlinear_bracket,0.03338824999518693,5,5.841359597980045e-05
linear_rhs,0.03656579999951646,5,0.06509089469909668
full_rhs,0.06456134160398505,5,0.06509069353342056
