kernel,seconds,repeats,norm
field_solve,0.0003490667906589806,5,0.053106486797332764
nonlinear_bracket,0.023757200001273304,5,5.796493496745825e-05
linear_rhs,0.04062825000146404,5,0.06520643085241318
full_rhs,0.07965927498880773,5,0.06520621478557587
