kernel,seconds,repeats,norm
field_solve,0.00011504511348903179,10,0.053106553852558136
nonlinear_bracket,0.0012821144191548228,10,5.7965051382780075e-05
linear_rhs,0.006562240282073617,10,0.06520650535821915
full_rhs,0.0055048934184014795,10,0.06520630419254303
