{
  "atol": 5e-06,
  "backend": "cpu",
  "claim_scope": "device z-sharded fused pencil nonlinear RHS timing; FFT axes are local per z shard, no global spectral reconstruction is used, and no production speedup claim is allowed unless the speedup gate passes",
  "device_count_available": 4,
  "kind": "nonlinear_device_z_pencil_rhs_profile",
  "min_speedup": 1.5,
  "repeats": 5,
  "rows": [
    {
      "active": true,
      "blocked_reasons": [],
      "device_count": 1,
      "identity_passed": true,
      "median_s": 0.17079745803494006,
      "rhs_max_abs_error": 0.0,
      "rhs_max_rel_error": 0.0,
      "speedup_gate_passed": false,
      "speedup_vs_serial": 1.0,
      "stats": {
        "max": 0.17645858402829617,
        "mean": 0.17185597501229494,
        "median": 0.17079745803494006,
        "min": 0.1692983329994604,
        "std": 0.002586884164197773
      }
    },
    {
      "active": true,
      "blocked_reasons": [
        "speedup_below_gate"
      ],
      "device_count": 2,
      "identity_passed": true,
      "median_s": 0.38098404207266867,
      "rhs_max_abs_error": 7.362751519579547e-10,
      "rhs_max_rel_error": 3.7210398304767414e-07,
      "speedup_gate_passed": false,
      "speedup_vs_serial": 0.44830606842677745,
      "stats": {
        "max": 0.38459641695953906,
        "mean": 0.37998523358255626,
        "median": 0.38098404207266867,
        "min": 0.372349499957636,
        "std": 0.004065902289811462
      }
    },
    {
      "active": true,
      "blocked_reasons": [
        "speedup_below_gate"
      ],
      "device_count": 4,
      "identity_passed": true,
      "median_s": 0.4113415000028908,
      "rhs_max_abs_error": 7.362751519579547e-10,
      "rhs_max_rel_error": 3.7210398304767414e-07,
      "speedup_gate_passed": false,
      "speedup_vs_serial": 0.415220584438331,
      "stats": {
        "max": 0.4186075000325218,
        "mean": 0.41245933319441974,
        "median": 0.4113415000028908,
        "min": 0.4078715000068769,
        "std": 0.003956062771631971
      }
    }
  ],
  "rtol": 0.0001,
  "serial_stats_s": {
    "max": 0.17645858402829617,
    "mean": 0.17185597501229494,
    "median": 0.17079745803494006,
    "min": 0.1692983329994604,
    "std": 0.002586884164197773
  },
  "shape": [
    4,
    16,
    96,
    96,
    32
  ],
  "summary": {
    "all_active_identity_passed": true,
    "max_speedup_vs_serial": 0.44830606842677745,
    "production_speedup_claim_allowed": false,
    "status": "identity_timed_no_production_speedup"
  },
  "warmups": 2
}
