kernel,seconds,repeats,norm
field_solve,0.00021936888806521891,10,0.053106553852558136
nonlinear_bracket,0.0014019604073837399,10,5.7965051382780075e-05
linear_rhs,0.006331708398647606,10,0.06509096920490265
full_rhs,0.005667607812210917,10,0.06509079784154892
