kernel,seconds,repeats,norm
field_solve,0.0004121691919863224,5,0.06516452878713608
nonlinear_bracket,0.006653940118849277,5,0.00047558610094711185
linear_rhs,0.006534457765519619,5,0.16438028216362
full_rhs,0.012803101912140846,5,0.1643829196691513
