kernel,seconds,repeats,norm
field_solve,0.00033613929990679027,10,0.053106553852558136
nonlinear_bracket,0.002042188309133053,10,5.7965051382780075e-05
linear_rhs,0.00707624638453126,10,0.06509096920490265
full_rhs,0.005289273289963603,10,0.06509079784154892
