kernel,seconds,repeats,norm
field_solve,0.0006825582124292851,5,0.06516432762145996
nonlinear_bracket,0.09749181661754847,5,0.00047558514052070677
linear_rhs,0.11545850818511098,5,0.16438007354736328
full_rhs,0.3185731000034139,5,0.16438251733779907
