kernel,seconds,repeats,norm
field_solve,0.0002877832041122019,5,0.053106486797332764
nonlinear_bracket,0.024494083400350065,5,5.796493496745825e-05
linear_rhs,0.03703139159479178,5,0.06509089469909668
full_rhs,0.07179826679639519,5,0.06509070843458176
