kernel,seconds,repeats,norm
field_solve,0.0002488802187144756,5,0.06516452878713608
nonlinear_bracket,0.00407056137919426,5,0.0004674489318858832
linear_rhs,0.00637580119073391,5,0.16438028216362
full_rhs,0.014757980592548847,5,0.16438283026218414
