kernel,seconds,repeats,norm
field_solve,0.00031896180007606745,10,0.053106553852558136
nonlinear_bracket,0.0031453015049919485,10,5.842456084792502e-05
linear_rhs,0.006890756799839437,10,0.06520650535821915
full_rhs,0.011448847991414369,10,0.06520628184080124
