kernel,seconds,repeats,norm
field_solve,0.00046485308557748796,10,0.053106553852558136
nonlinear_bracket,0.0033632074017077686,10,5.842456084792502e-05
linear_rhs,0.006134886294603348,10,0.06509096920490265
full_rhs,0.0096575447358191,10,0.06509078294038773
