kernel,seconds,repeats,norm
field_solve,0.0004630708019249141,10,0.053106555579967574
nonlinear_bracket,0.04060616669012233,10,5.796505755727443e-05
linear_rhs,0.10244147499324754,10,0.06509094685316086
full_rhs,0.15065485829254613,10,0.06509079033714603
