kernel,seconds,repeats,norm
field_solve,0.0008653333255400261,3,0.06516432762145996
nonlinear_bracket,0.09896000001269083,3,0.00047558514052070677
linear_rhs,0.11844418031008293,3,0.16438007354736328
full_rhs,0.2840497363358736,3,0.16438251733779907
