kernel,seconds,repeats,norm
field_solve,0.0008720081998035312,5,0.06516432762145996
nonlinear_bracket,0.09500562499742955,5,0.0004674477386288345
linear_rhs,0.1439443334005773,5,0.16438007354736328
full_rhs,0.2761459165951237,5,0.1643824428319931
