kernel,seconds,repeats,norm
field_solve,0.00024093836545944214,10,0.053106553852558136
nonlinear_bracket,0.0014994334895163774,10,5.7965051382780075e-05
linear_rhs,0.0061963651794940235,10,0.06509096920490265
full_rhs,0.00638306220062077,10,0.06509079784154892
