kernel,seconds,repeats,norm
field_solve,0.0008157083454231421,3,0.06516432762145996
nonlinear_bracket,0.07112062497374912,3,0.0004674477386288345
linear_rhs,0.1373310973479723,3,0.16438007354736328
full_rhs,0.20664443032971272,3,0.1643824428319931
