kernel,seconds,repeats,norm
field_solve,0.0003548416076228023,10,0.053106486797332764
nonlinear_bracket,0.03667036670958623,10,5.841359597980045e-05
linear_rhs,0.04123858329840004,10,0.06509089469909668
full_rhs,0.1006671458017081,10,0.06509069353342056
