kernel,seconds,repeats,norm
field_solve,0.0006318542000371963,20,0.053106555579967574
nonlinear_bracket,0.0523597395978868,20,5.841369032807674e-05
linear_rhs,0.09419268749770708,20,0.06520648300647736
full_rhs,0.13029669169918634,20,0.06520627845665344
