kernel,seconds,repeats,norm
field_solve,0.00035956460051238536,20,0.053106555579967574
nonlinear_bracket,0.035253631247906016,20,5.796505755727443e-05
linear_rhs,0.09652503544930369,20,0.06520648300647736
full_rhs,0.1260107500012964,20,0.06520629466324503
