{
  "backend": "gpu",
  "config": "examples/nonlinear/axisymmetric/runtime_cyclone_nonlinear.toml",
  "devices": [
    "cuda:0"
  ],
  "diagnostics_stride": 10,
  "dt": 0.01,
  "fixed_dt": false,
  "git_dirty": false,
  "git_revision": "ec2029f8aa8205053ea5d1ed70ae4494528ed1c1",
  "method": "rk3",
  "nl": 4,
  "nm": 8,
  "resolved_diagnostics": false,
  "result_summary": {
    "dt": {
      "finite_fraction": 1.0,
      "l2_norm": 0.12653492391109467,
      "max_abs": 0.0012508047511801124,
      "shape": [
        1,
        4,
        8,
        64,
        64,
        24
      ],
      "sum_imag": -1.2640645735001454e-10,
      "sum_real": 0.3302218145230539
    },
    "final_state": {
      "finite_fraction": 1.0,
      "l2_norm": 11.751726150512695,
      "max_abs": 4.3583245277404785,
      "shape": [
        21
      ],
      "sum_imag": 0.0,
      "sum_real": 46.19821972772479
    },
    "heat_flux": {
      "finite_fraction": 1.0,
      "l2_norm": 0.00010248796024825424,
      "max_abs": 3.0474828236037865e-05,
      "shape": [
        21
      ],
      "sum_imag": 0.0,
      "sum_real": 0.00042784617889424226
    },
    "phi": {
      "finite_fraction": 1.0,
      "l2_norm": 0.04132678359746933,
      "max_abs": 0.0007708925404585898,
      "shape": [
        64,
        64,
        24
      ],
      "sum_imag": -7.834669024653351e-11,
      "sum_real": 0.33056667390279104
    }
  },
  "reuse_prepared_simulation": true,
  "run_median_s": 9.557139895972796,
  "run_times_s": [
    9.557139895972796
  ],
  "sample_stride": 10,
  "software": {
    "jax": "0.6.2",
    "numpy": "2.2.4",
    "python": "3.10.12"
  },
  "steps": 200,
  "warmup_time_s": 20.166105178010184
}
