design_name,includes_nonlinear_heat_flux,aspect,mean_iota,qa_residual,growth_rate,quasilinear_heat_flux,nonlinear_heat_flux_mean,scalar_gradient_gate_passed,residual_gradient_gate_passed,final_objective
qa_constraints,False,6.044200897216797,0.46038657426834106,0.005021942313760519,0.027179080992937088,0.0005482836277224123,0.024243222549557686,True,True,0.00042323191883042455
qa_plus_nonlinear_heat_flux,True,6.0067644119262695,0.4923669695854187,0.0019282061839476228,0.021877724677324295,0.00033749756403267384,0.02158273383975029,True,True,0.17408518493175507
