design_name,includes_nonlinear_heat_flux,aspect,mean_iota,iota_operating_floor_violation,qa_residual,growth_rate,quasilinear_heat_flux,nonlinear_heat_flux_mean,scalar_gradient_gate_passed,residual_gradient_gate_passed,observable_gradient_gate_passed,final_objective
qa_constraints,False,5.986290454864502,0.7390009760856628,0.003543976228684187,0.0019936359021812677,0.022667961195111275,0.0003634252352640033,0.01812058500945568,True,True,True,0.001467804191634059
qa_plus_nonlinear_heat_flux,True,5.975905418395996,0.7562191486358643,0.0017034540651366115,0.0010137130739167333,0.02329113334417343,0.0003854823880828917,0.014399107545614243,True,True,True,0.1186644434928894
