design_name,includes_nonlinear_heat_flux,aspect,mean_iota,iota_operating_floor_violation,qa_residual,helical_ripple_amplitude,growth_rate,quasilinear_heat_flux,nonlinear_heat_flux_mean,scalar_gradient_gate_passed,residual_gradient_gate_passed,observable_gradient_gate_passed,final_objective
qa_constraints,False,5.981317859483092,0.7492834156329055,0.0022961436567347773,0.00022171657071251623,0.16232632963666002,0.022208882999417506,0.0003444229898570893,0.016063821303104506,True,True,True,0.0023383332219812907
qa_plus_nonlinear_heat_flux,True,5.971946982940821,0.7588051825025728,0.001522579510752779,0.00023550451872791784,0.16293159743750155,0.023204210933192432,0.00038123296837775186,0.014338897883061615,True,True,True,0.11854959434795624
