{
  "cosine_gate": 0.95,
  "cosine_similarity": 0.9916731122648941,
  "distribution_residual": [
    -0.0029353771447972153,
    -0.00030217945707954746,
    -0.014499461079262602,
    -0.037904427557795745,
    0.002513925704139164,
    0.053127519534795886
  ],
  "kind": "quasilinear_spectrum_shape_gate",
  "ky": [
    0.047619047619047616,
    0.09523809523809523,
    0.14285714285714285,
    0.19047619047619047,
    0.23809523809523808,
    0.2857142857142857
  ],
  "nonlinear_distribution": [
    0.01609237163300844,
    0.05152576109317987,
    0.12497775674861622,
    0.22390589377783773,
    0.27025388633426745,
    0.3132443304130903
  ],
  "nonlinear_ky": [
    0.0476190522313118,
    0.0952381044626236,
    0.142857164144516,
    0.1904762089252472,
    0.2380952537059784,
    0.285714328289032
  ],
  "nonlinear_netcdf": "tools_out/final_nonlinear_audit/w7x_gkx_current_adaptive_t200.out.nc",
  "nonlinear_raw": [
    0.006149655751515569,
    0.019690428501411218,
    0.04775990749705043,
    0.08556502415372673,
    0.10327678258784165,
    0.11970546306569341
  ],
  "nonlinear_variable": "Diagnostics/HeatFlux_kyst",
  "passed": true,
  "ql_column": "heat_flux_weight_total",
  "quasilinear_distribution": [
    0.013156994488211223,
    0.05122358163610032,
    0.11047829566935362,
    0.186001466220042,
    0.2727678120384066,
    0.3663718499478862
  ],
  "quasilinear_raw": [
    0.017356789227747787,
    0.06757446852658833,
    0.1457436570253116,
    0.24537429487608142,
    0.3598369996967459,
    0.48332003059082007
  ],
  "species_index": 0,
  "spectrum_csv": "docs/_static/quasilinear_w7x_spectrum_scan.quasilinear_spectrum.csv",
  "time_max": null,
  "time_min": null,
  "time_samples": 76,
  "total_variation_distance": 0.05564144523893508,
  "tv_gate": 0.2
}
