model,label,mean_abs_relative_error,holdout_mean_abs_relative_error,log_pearson,holdout_log_pearson,spearman,holdout_spearman,pairwise_order_accuracy,pairwise_order_correct,pairwise_order_total,holdout_pairwise_order_accuracy,holdout_pairwise_order_correct,holdout_pairwise_order_total,absolute_flux_gate_passed,screening_gate_passed,holdout_screening_gate_passed
positive_mixing_length,positive-growth ML,1.5929002798596583,1.907079547263154,0.6026540014969671,0.5607811725650543,0.42678197846541877,0.3783937343321348,0.7142857142857143,25,35,0.7,14,20,False,False,False
linear_weight,linear-weight fit,0.853638219650207,0.8803744797272702,0.11233002304976414,-0.10770562726366291,-0.33333333333333337,-0.42857142857142866,0.3888888888888889,14,36,0.3333333333333333,7,21,False,False,False
absolute_growth_mixing_length,absolute-growth ML,2.423163048913974,2.97431860474001,0.21251937215370184,0.09918870061564325,0.0,-0.03571428571428572,0.5,18,36,0.47619047619047616,10,21,False,False,False
spectral_envelope_ridge,spectral-envelope ridge,0.37738980527841215,0.35549557791109654,0.720501111890373,0.7746714454396556,0.7833333333333333,0.7500000000000002,0.7777777777777778,28,36,0.7619047619047619,16,21,False,True,True
linear_state_ridge,linear-state ridge,0.9976075297783302,0.6302170253007755,0.0633936533078751,0.26233965777672175,0.11666666666666665,0.1785714285714286,0.5555555555555556,20,36,0.6190476190476191,13,21,False,False,False
