model,label,mean_abs_relative_error,holdout_mean_abs_relative_error,log_pearson,holdout_log_pearson,spearman,holdout_spearman,pairwise_order_accuracy,pairwise_order_correct,pairwise_order_total,holdout_pairwise_order_accuracy,holdout_pairwise_order_correct,holdout_pairwise_order_total,absolute_flux_gate_passed,screening_gate_passed,holdout_screening_gate_passed
positive_mixing_length,positive-growth ML,5.491503342546543,6.491149442266367,0.1960256093080699,0.13755912344294446,0.08756580854229329,-0.024316221747202584,0.5692307692307692,37,65,0.5227272727272727,23,44,False,False,False
linear_weight,linear-weight fit,1.3199083044798832,1.4208129254231394,-0.11307456880080896,-0.362778563813069,-0.34965034965034975,-0.4424242424242424,0.3787878787878788,25,66,0.3333333333333333,15,45,False,False,False
absolute_growth_mixing_length,absolute-growth ML,5.79210182133658,6.851698464899326,-0.07885540257248162,-0.27229198638039276,-0.16083916083916086,-0.24848484848484845,0.4393939393939394,29,66,0.4,18,45,False,False,False
spectral_envelope_ridge,spectral-envelope ridge,0.6972871490908844,0.7768078260967324,0.5117138650812485,0.5158626203364731,0.6363636363636365,0.6242424242424242,0.696969696969697,46,66,0.6888888888888889,31,45,False,False,False
linear_state_ridge,linear-state ridge,1.9065654413978212,1.2289820052255056,-0.20723269708423644,-0.31477251835183945,-0.3216783216783217,-0.35757575757575755,0.36363636363636365,24,66,0.35555555555555557,16,45,False,False,False
