model,label,mean_abs_relative_error,holdout_mean_abs_relative_error,log_pearson,holdout_log_pearson,spearman,holdout_spearman,pairwise_order_accuracy,pairwise_order_correct,pairwise_order_total,holdout_pairwise_order_accuracy,holdout_pairwise_order_correct,holdout_pairwise_order_total,absolute_flux_gate_passed,screening_gate_passed,holdout_screening_gate_passed
positive_mixing_length,positive-growth ML,2.6478033301986588,3.1265878826989333,0.5109110876241838,0.4664763221120624,0.3690214585383462,0.27615304488938863,0.6666666666666666,36,54,0.6285714285714286,22,35,False,False,False
linear_weight,linear-weight fit,0.8638526360452393,0.8790910870057228,0.025240332154488496,-0.2905412695879949,-0.29090909090909095,-0.45,0.4,22,55,0.3333333333333333,12,36,False,False,False
absolute_growth_mixing_length,absolute-growth ML,3.406833167535264,4.054103070649135,0.0791329651741466,-0.17554470602525818,-0.03636363636363637,-0.16666666666666669,0.4909090909090909,27,55,0.4444444444444444,16,36,False,False,False
spectral_envelope_ridge,spectral-envelope ridge,0.39974927464926485,0.39449980210826624,0.6453656242177055,0.6914050672590347,0.6636363636363638,0.65,0.7272727272727273,40,55,0.7222222222222222,26,36,False,False,False
linear_state_ridge,linear-state ridge,1.2868998164799286,0.6412097025763706,-0.05227484681775363,0.15468334621573399,-0.13636363636363638,-0.09999999999999999,0.43636363636363634,24,55,0.4722222222222222,17,36,False,False,False
