{
  "has_quasilinear": true,
  "kind": "linear_scan",
  "ky_max": 0.2857142857142857,
  "ky_min": 0.047619047619047616,
  "n_ky": 6
}
