{
  "cosine_gate": 0.95,
  "cosine_similarity": 0.9709889879217466,
  "distribution_residual": [
    -0.01277869399698131,
    -0.028295187764850564,
    -0.0011970312281702061,
    -0.06930415182268737,
    0.01757340207503072,
    0.0940016627376587
  ],
  "kind": "quasilinear_spectrum_shape_gate",
  "ky": [
    0.047619047619047616,
    0.09523809523809523,
    0.14285714285714285,
    0.19047619047619047,
    0.23809523809523808,
    0.2857142857142857
  ],
  "nonlinear_distribution": [
    0.026560171249613164,
    0.08149583530093944,
    0.11451397700675767,
    0.2573124857508065,
    0.25406896364616943,
    0.26604856704571384
  ],
  "nonlinear_ky": [
    0.0476190485060215,
    0.095238097012043,
    0.1428571492433548,
    0.190476194024086,
    0.2380952388048172,
    0.2857142984867096
  ],
  "nonlinear_netcdf": "tools_out/final_nonlinear_audit/hsx_nonlinear_t50.out.nc",
  "nonlinear_raw": [
    0.006298274057284437,
    0.019325293516701546,
    0.02715496085472841,
    0.061017097306677925,
    0.06024795350357983,
    0.06308870421255751
  ],
  "nonlinear_variable": "Diagnostics/HeatFlux_kyst",
  "passed": true,
  "ql_column": "heat_flux_weight_total",
  "quasilinear_distribution": [
    0.013781477252631853,
    0.05320064753608888,
    0.11331694577858746,
    0.18800833392811914,
    0.27164236572120015,
    0.36005022978337253
  ],
  "quasilinear_raw": [
    0.01828693225979805,
    0.07059305906295776,
    0.15036264061927795,
    0.2494722157716751,
    0.3604479730129242,
    0.4777582287788391
  ],
  "species_index": 0,
  "spectrum_csv": "docs/_static/quasilinear_hsx_spectrum_scan.quasilinear_spectrum.csv",
  "time_max": 49.2,
  "time_min": null,
  "time_samples": 22,
  "total_variation_distance": 0.11157506481268943,
  "tv_gate": 0.2
}
