case,label,geometry,split,observed_heat_flux,observed_heat_flux_std,positive_mixing_length_prediction,positive_mixing_length_relative_error,linear_weight_prediction,linear_weight_relative_error,spectral_envelope_ridge_prediction,spectral_envelope_ridge_relative_error,spectral_envelope_ridge_interval_low,spectral_envelope_ridge_interval_high,spectral_envelope_ridge_interval_contains_observed,stellarator_family
cyclone_long_window,Cyclone,cyclone,train,6.6689961798985795,0.6486446261822355,0.09860403153852253,0.9852145617003454,1.4235722857694018,0.786538746256854,9.367766858643025,0.40467419772693397,5.457438810848046,16.079897358346027,True,False
cyclone_miller_long_window,Cyclone Miller,cyclone_miller,holdout,4.259822065746515,4.2116774700305175,38.66542554443455,8.076770096888685,34.48532754257894,7.095485447591235,6.6684605600166185,0.565431714539936,3.6429057199075965,12.206839720690082,True,False
hsx_nonlinear_window,HSX,hsx,holdout,5.089605487565396,6.284535110439706,0.0,1.0,22.798593132193474,3.4794421076237763,5.499364121824304,0.0805089186696307,3.1920842117559385,9.474375905569229,True,True
w7x_nonlinear_window,W7-X,w7x,holdout,5.378544112072135,3.295746205851981,0.0,1.0,22.66604055540981,3.2141590889876523,5.337116286560114,0.007702423676146183,3.097681314168245,9.195526384841706,True,True
dshape_external_vmec_t250_window,D-shaped VMEC,dshape_external_vmec,holdout,18.479456131274883,2.1065149048808203,51.62028102494143,1.7933874600118,39.39772974947727,1.1319745272589499,22.51973099038096,0.2186360264287357,13.315542130317967,38.08619122795074,True,False
itermodel_external_vmec_t350_window,ITERModel VMEC,itermodel_external_vmec,train,22.046746492385864,3.434397669803179,22.076093494145443,0.001331126194502853,22.38039740781542,0.015133793802400076,12.128229650777868,0.44988573915128416,7.784858730605864,18.89487780731504,False,False
updown_asym_external_vmec_t450_window,Up-down VMEC,updown_asym_external_vmec,holdout,7.76432224499282,0.6236662752268785,2.5647830621740666,0.6696707090141597,15.567372457353509,1.0049879392103855,9.939088032029995,0.2800973115766379,5.703895845007942,17.318947188507845,True,False
circular_external_vmec_t450_window,Circular VMEC,circular_external_vmec,holdout,19.430008846324878,2.5120911781559006,22.242769248057787,0.14476372213618077,22.437751557737673,0.15479883386577564,12.532163815799047,0.35500987596464917,7.4560463052390835,21.06413016717267,True,False
