model,label,mean_abs_relative_error,holdout_mean_abs_relative_error,log_pearson,holdout_log_pearson,spearman,holdout_spearman,pairwise_order_accuracy,pairwise_order_correct,pairwise_order_total,holdout_pairwise_order_accuracy,holdout_pairwise_order_correct,holdout_pairwise_order_total,absolute_flux_gate_passed,screening_gate_passed
positive_mixing_length,positive-growth ML,1.7088922094932093,2.114098664675138,0.6120107119722696,0.5577486518561133,0.34731161595484505,0.2898855178262242,0.6666666666666666,18,27,0.6428571428571429,9,14,False,False
linear_weight,linear-weight fit,0.9473105820472785,1.0078897356073473,0.10287265109459305,-0.10637794190251892,-0.4523809523809524,-0.5428571428571429,0.32142857142857145,9,28,0.26666666666666666,4,15,False,False
absolute_growth_mixing_length,absolute-growth ML,2.616967908032077,3.3245843428684867,0.21103311100990343,0.10491624893788477,-0.04761904761904763,-0.028571428571428574,0.4642857142857143,13,28,0.4666666666666667,7,15,False,False
spectral_envelope_ridge,spectral-envelope ridge,0.29524327596674427,0.2512310451426226,0.8438098205643185,0.8950441658327988,0.8095238095238096,0.7142857142857143,0.7857142857142857,22,28,0.7333333333333333,11,15,True,True
linear_state_ridge,linear-state ridge,1.034119004951086,0.6679447569094448,0.09577220779027779,0.32657967213089945,0.07142857142857144,0.08571428571428573,0.5357142857142857,15,28,0.6,9,15,False,False
