ky,kx,gamma_gx,omega_gx,gamma_sp,omega_sp,gx_source,abs_gamma,abs_omega,rel_gamma,rel_omega
0.0,-0.05,4.902080631256103,-5.793878153781407e-06,4.901163977673141,1.0407280569779687e-06,out-nc,0.0009166535829621125,6.834606210759375e-06,0.0001869927591801423,1.1796254649053555
0.0,0.0,0.0,0.0,0.0,0.0,out-nc,0.0,0.0,0.0,0.0
0.0,0.05,4.902078342437744,5.793877426185645e-06,4.901163977673141,-1.0407280569779687e-06,out-nc,0.0009143647646032704,6.834605483163613e-06,0.00018652593874062158,1.1796254874627412
0.1,-0.05,4.901594734191894,-0.022591331880539654,4.900948078711779,-0.02259863547515124,out-nc,0.0006466554801152213,7.303594611585834e-06,0.00013192756953249682,0.00032329190019457006
0.1,0.0,0.0,0.0,0.0,1.1128026634660195e-14,out-nc,0.0,1.1128026634660195e-14,0.0,0.011128026634660195
0.1,0.05,4.901585865020752,-0.022582867206074296,4.900948168078265,-0.02260526248719543,out-nc,0.0006376969424870538,2.2395281121134758e-05,0.00013010012678505917,0.0009916934336447287
