{
  "kind": "stellarator_itg_optimization_uq",
  "claim_level": "reduced_objective_uq_and_sensitivity_validation_not_full_vmec_gk_optimization",
  "parameter_names": [
    "minor_radius_log_shift",
    "vertical_elongation_shift",
    "helical_ripple_amplitude",
    "magnetic_shear_shift"
  ],
  "all_gradient_gates_passed": true,
  "all_sensitivity_maps_full_rank": true,
  "parallel": {
    "requested_workers": 3,
    "effective_workers": 3,
    "executor": "thread",
    "finite_difference_workers": 1,
    "finite_difference_executor": "thread",
    "identity_contract": "parallel objective reports must preserve serial ordering and values"
  },
  "results": [
    {
      "objective_kind": "growth",
      "gradient_gate_passed": true,
      "max_abs_error": 1.764927781127551e-07,
      "max_rel_error": 3.7544616932167155e-05,
      "tangent_max_abs_error": 2.1946826778661277e-08,
      "jacobian_ad": [
        2.463004681369486e-05,
        -0.00026127774151851025,
        0.004701057538698204,
        -0.001504578820544165
      ],
      "jacobian_fd": [
        2.4629766681022458e-05,
        -0.0002612777425838042,
        0.004700881045920091,
        -0.0015045814662217882
      ],
      "covariance_std": [
        0.24325353007377334,
        1.3217737202825808,
        0.15549957830546468,
        0.14176455091290868
      ],
      "covariance_correlation": [
        [
          1.0,
          -0.010724731412796193,
          0.0003396246013043753,
          0.009510878054408145
        ],
        [
          -0.010724731412796193,
          1.0,
          0.0019013620285127316,
          -0.8810167620235269
        ],
        [
          0.0003396246013043753,
          0.0019013620285127316,
          1.0,
          0.17112520401581244
        ],
        [
          0.009510878054408145,
          -0.8810167620235269,
          0.17112520401581244,
          1.0000000000000002
        ]
      ],
      "jacobian_singular_values": [
        0.9691102091835093,
        0.3764040275400834,
        0.24410850638248177,
        0.044722085336877625
      ],
      "jacobian_condition_number": 21.669611376202656,
      "sensitivity_map_rank": 4,
      "uq_ellipse_area_1sigma": 1.0145567261241673,
      "initial_params": [
        0.28,
        0.46,
        0.42,
        -0.32
      ],
      "final_params": [
        0.0002129578990772514,
        -0.008169655755671518,
        0.0031088742203499737,
        0.00030135838901460037
      ],
      "covariance": [
        [
          0.05917227989335215,
          -0.0034482813158500554,
          1.2846579494252831e-05,
          0.000327980037505877
        ],
        [
          -0.0034482813158500554,
          1.747085767629654,
          0.00039079693150566037,
          -0.16508550045748321
        ],
        [
          1.2846579494252831e-05,
          0.00039079693150566037,
          0.02418011885317734,
          0.0037723401068183358
        ],
        [
          0.000327980037505877,
          -0.16508550045748321,
          0.0037723401068183358,
          0.02009718789553868
        ]
      ]
    },
    {
      "objective_kind": "quasilinear_flux",
      "gradient_gate_passed": true,
      "max_abs_error": 2.3118130373569502e-05,
      "max_rel_error": 0.003659909729203205,
      "tangent_max_abs_error": 2.899553252466193e-06,
      "jacobian_ad": [
        -3.339106129717016e-05,
        -0.00047021456384097824,
        -0.0063397029874002276,
        -0.0055425279745817254
      ],
      "jacobian_fd": [
        -3.33913391728502e-05,
        -0.0004702145636921451,
        -0.006316584857026658,
        -0.005542513998868515
      ],
      "covariance_std": [
        0.21547602902236573,
        1.1678917715362795,
        0.4017442008622184,
        0.13836335494737292
      ],
      "covariance_correlation": [
        [
          0.9999999999999999,
          -0.003205591305101928,
          -0.001998538522237412,
          0.0016176658464651039
        ],
        [
          -0.003205591305101928,
          1.0000000000000002,
          0.005963740673771317,
          -0.795144958378577
        ],
        [
          -0.001998538522237412,
          0.005963740673771317,
          1.0,
          0.4522007237743172
        ],
        [
          0.0016176658464651039,
          -0.795144958378577,
          0.4522007237743172,
          1.0000000000000002
        ]
      ],
      "jacobian_singular_values": [
        0.9671918214588742,
        0.2434761587293092,
        0.12898495395451465,
        0.04472185690923485
      ],
      "jacobian_condition_number": 21.626826082419527,
      "sensitivity_map_rank": 4,
      "uq_ellipse_area_1sigma": 1.4989724901512502,
      "initial_params": [
        0.28,
        0.46,
        0.42,
        -0.32
      ],
      "final_params": [
        0.00590576525040782,
        -0.0024764194074465605,
        -0.00034747216801128374,
        -0.0018555031245398588
      ],
      "covariance": [
        [
          0.046429919083247395,
          -0.0008066956469479419,
          -0.0001730059755269272,
          4.822906736228123e-05
        ],
        [
          -0.0008066956469479419,
          1.3639711900221496,
          0.002798149829579452,
          -0.1284901961822183
        ],
        [
          -0.0001730059755269272,
          0.002798149829579452,
          0.1613984029264225,
          0.025136334876100876
        ],
        [
          4.822906736228123e-05,
          -0.1284901961822183,
          0.025136334876100876,
          0.01914441799229271
        ]
      ]
    },
    {
      "objective_kind": "nonlinear_heat_flux",
      "gradient_gate_passed": true,
      "max_abs_error": 5.980334758945872e-06,
      "max_rel_error": 0.0030406758059547813,
      "tangent_max_abs_error": 7.498823737029422e-07,
      "jacobian_ad": [
        1.656958391137327e-05,
        0.00013868660399935098,
        0.00197275849217847,
        -0.0027448744735522235
      ],
      "jacobian_fd": [
        1.656930659517386e-05,
        0.0001386866091239447,
        0.0019667781574195242,
        -0.0027448628993950036
      ],
      "covariance_std": [
        0.13299742888757876,
        0.7214237121681518,
        0.3743746959803273,
        0.0962190018704937
      ],
      "covariance_correlation": [
        [
          1.0,
          0.033375685902657264,
          0.0005843953485220848,
          -0.023301131574565797
        ],
        [
          0.033375685902657264,
          1.0,
          0.0043361765475598965,
          -0.7060102848304103
        ],
        [
          0.0005843953485220848,
          0.0043361765475598965,
          1.0,
          0.610098994714862
        ],
        [
          -0.023301131574565797,
          -0.7060102848304103,
          0.610098994714862,
          1.0
        ]
      ],
      "jacobian_singular_values": [
        0.9670952093678465,
        0.24396851925057245,
        0.08556586053966336,
        0.04474987414072497
      ],
      "jacobian_condition_number": 21.611126912371226,
      "sensitivity_map_rank": 4,
      "uq_ellipse_area_1sigma": 0.8627982995069822,
      "initial_params": [
        0.28,
        0.46,
        0.42,
        -0.32
      ],
      "final_params": [
        0.0015725807015428074,
        0.025367393898430318,
        0.00020610300384657688,
        -0.003343260909482645
      ],