{
  "kind": "stellarator_itg_optimization_uq",
  "claim_level": "reduced_objective_uq_and_sensitivity_validation_not_full_vmec_gk_optimization",
  "parameter_names": [
    "minor_radius_log_shift",
    "vertical_elongation_shift",
    "helical_ripple_amplitude",
    "magnetic_shear_shift"
  ],
  "all_gradient_gates_passed": true,
  "all_sensitivity_maps_full_rank": true,
  "results": [
    {
      "objective_kind": "growth",
      "gradient_gate_passed": true,
      "max_abs_error": 1.764927781127551e-07,
      "max_rel_error": 3.7544616932167155e-05,
      "tangent_max_abs_error": 2.1946826778661277e-08,
      "jacobian_ad": [
        2.463004681369486e-05,
        -0.00026127774151851025,
        0.004701057538698204,
        -0.001504578820544165
      ],
      "jacobian_fd": [
        2.4629766681022458e-05,
        -0.0002612777425838042,
        0.004700881045920091,
        -0.0015045814662217882
      ],
      "covariance_std": [
        0.24325353007377334,
        1.3217737202825808,
        0.15549957830546468,
        0.14176455091290868
      ],
      "covariance_correlation": [
        [
          1.0,
          -0.010724731412796193,
          0.0003396246013043753,
          0.009510878054408145
        ],
        [
          -0.010724731412796193,
          1.0,
          0.0019013620285127316,
          -0.8810167620235269
        ],
        [
          0.0003396246013043753,
          0.0019013620285127316,
          1.0,
          0.17112520401581244
        ],
        [
          0.009510878054408145,
          -0.8810167620235269,
          0.17112520401581244,
          1.0000000000000002
        ]
      ],
      "jacobian_singular_values": [
        0.9691102091835093,
        0.3764040275400834,
        0.24410850638248177,
        0.044722085336877625
      ],
      "jacobian_condition_number": 21.669611376202656,
      "sensitivity_map_rank": 4,
      "uq_ellipse_area_1sigma": 1.0145567261241673,
      "initial_params": [
        0.28,
        0.46,
        0.42,
        -0.32
      ],
      "final_params": [
        0.0002129578990772514,
        -0.008169655755671518,
        0.0031088742203499737,
        0.00030135838901460037
      ],
      "covariance": [
        [
          0.05917227989335215,
          -0.0034482813158500554,
          1.2846579494252831e-05,
          0.000327980037505877
        ],
        [
          -0.0034482813158500554,
          1.747085767629654,
          0.00039079693150566037,
          -0.16508550045748321
        ],
        [
          1.2846579494252831e-05,
          0.00039079693150566037,
          0.02418011885317734,
          0.0037723401068183358
        ],
        [
          0.000327980037505877,
          -0.16508550045748321,
          0.0037723401068183358,
          0.02009718789553868
        ]
      ]
    },
    {
      "objective_kind": "quasilinear_flux",
      "gradient_gate_passed": true,
      "max_abs_error": 2.3118130373569502e-05,
      "max_rel_error": 0.003659909729203205,
      "tangent_max_abs_error": 2.899553252466193e-06,
      "jacobian_ad": [
        -3.339106129717016e-05,
        -0.00047021456384097824,
        -0.0063397029874002276,
        -0.0055425279745817254
      ],
      "jacobian_fd": [
        -3.33913391728502e-05,
        -0.0004702145636921451,
        -0.006316584857026658,
        -0.005542513998868515
      ],
      "covariance_std": [
        0.21547602902236573,
        1.1678917715362795,
        0.4017442008622184,
        0.13836335494737292
      ],
      "covariance_correlation": [
        [
          0.9999999999999999,
          -0.003205591305101928,
          -0.001998538522237412,
          0.0016176658464651039
        ],
        [
          -0.003205591305101928,
          1.0000000000000002,
          0.005963740673771317,
          -0.795144958378577
        ],
        [
          -0.001998538522237412,
          0.005963740673771317,
          1.0,
          0.4522007237743172
        ],
        [
          0.0016176658464651039,
          -0.795144958378577,
          0.4522007237743172,
          1.0000000000000002
        ]
      ],
      "jacobian_singular_values": [
        0.9671918214588742,
        0.2434761587293092,
        0.12898495395451465,
        0.04472185690923485
      ],
      "jacobian_condition_number": 21.626826082419527,
      "sensitivity_map_rank": 4,
      "uq_ellipse_area_1sigma": 1.4989724901512502,
      "initial_params": [
        0.28,
        0.46,
        0.42,
        -0.32
      ],
      "final_params": [
        0.00590576525040782,
        -0.0024764194074465605,
        -0.00034747216801128374,
        -0.0018555031245398588
      ],
      "covariance": [
        [
          0.046429919083247395,
          -0.0008066956469479419,
          -0.0001730059755269272,
          4.822906736228123e-05
        ],
        [
          -0.0008066956469479419,
          1.3639711900221496,
          0.002798149829579452,
          -0.1284901961822183
        ],
        [
          -0.0001730059755269272,
          0.002798149829579452,
          0.1613984029264225,
          0.025136334876100876
        ],
        [
          4.822906736228123e-05,
          -0.1284901961822183,
          0.025136334876100876,
          0.01914441799229271
        ]
      ]
    },
    {
      "objective_kind": "nonlinear_heat_flux",
      "gradient_gate_passed": true,
      "max_abs_error": 6.241140863035791e-06,
      "max_rel_error": 0.003057386542920222,
      "tangent_max_abs_error": 7.829763800538004e-07,
      "jacobian_ad": [
        1.683589205450829e-05,
        0.0001424588180752417,
        0.002047573100502869,
        -0.0027002612854656284
      ],
      "jacobian_fd": [
        1.6835614768603846e-05,
        0.00014245881994889853,
        0.0020413319596398333,
        -0.002700253417114995
      ],
      "covariance_std": [
        0.13299637843217482,
        0.7214210338569963,
        0.36087385138057376,
        0.09494840333154315
      ],
      "covariance_correlation": [
        [
          1.0000000000000002,
          0.03315265746563043,
          0.0005791370025208962,
          -0.023467800094284393
        ],
        [
          0.03315265746563043,
          1.0,
          0.004006483241239046,
          -0.7157673223462063
        ],
        [
          0.0005791370025208962,
          0.004006483241239046,
          0.9999999999999998,
          0.596056243018931
        ],
        [
          -0.023467800094284393,
          -0.7157673223462063,
          0.596056243018931,
          1.0
        ]
      ],
      "jacobian_singular_values": [
        0.9670948912795966,
        0.2439682042848097,
        0.08876635008011563,
        0.044749911641373694
      ],
      "jacobian_condition_number": 21.61110169400794,
      "sensitivity_map_rank": 4,
      "uq_ellipse_area_1sigma": 0.8316867579967584,
      "initial_params": [
        0.28,
        0.46,
        0.42,
        -0.32
      ],
      "final_params": [
        0.0015737345147635723,
        0.025197114545244013,
        0.00021702688949936646,
        -0.003429060203919076
      ],
      "covariance": [
        [
          0.01768803667607426,
          0.003180877631260815,
          2.7795631385685008e-05,
          -0.0002963465400846533
        ],
        [
          0.003180877631260815,
          0.5204483080912974,
          0.0010430558077257996,
          -0.04902846920922565
        ],
        [
          2.7795631385685008e-05,
          0.0010430558077257996,
          0.13022993661024843,
          0.020423507144715764
        ],
        [
          -0.0002963465400846533,
          -0.04902846920922565,
          0.020423507144715764,
          0.009015199295209395
        ]
      ]
    }
  ]
}