{
  "alpha_weights": [
    1.399999976158142,
    1.0
  ],
  "atol": 2e-05,
  "claim_scope": "backend-free reduced objective portfolio contract over fixed surface/alpha/ky rows; not a VMEC/Boozer or nonlinear turbulent transport optimization claim",
  "contract": {
    "n_alphas": 2,
    "n_ky": 3,
    "n_objectives": 3,
    "n_samples": 12,
    "n_surfaces": 2,
    "reduction": "weighted_mean",
    "row_shape": [
      2,
      2,
      3,
      3
    ],
    "sample_shape": [
      2,
      2,
      3
    ],
    "uses_objective_weights": true,
    "uses_sample_weights": false,
    "uses_separable_sample_weights": true
  },
  "direction": [
    0.4000000059604645,
    -0.30000001192092896,
    0.20000000298023224
  ],
  "fd_step": 0.001,
  "finite_difference_directional": 0.051680948585271835,
  "gradient": [
    0.12054228782653809,
    -0.0009754027705639601,
    0.015905939042568207
  ],
  "gradient_directional": 0.0516907274723053,
  "jvp": 0.051690723747015,
  "jvp_fd_abs_error": 9.775161743164062e-06,
  "jvp_fd_tolerance": 0.00012336189717054367,
  "jvp_grad_abs_error": 3.725290298461914e-09,
  "kind": "stellarator_objective_portfolio_gate",
  "ky_weights": [
    0.800000011920929,
    1.2000000476837158,
    1.5
  ],
  "next_action": "Use the same reducer around VMEC/Boozer-produced objective tables, then gate real optimizer steps with branch-continuity, AD/JVP, finite-difference, and held-out surface/alpha/ky checks.",
  "normalized_objective_weights": [
    0.21666665375232697,
    0.3333333432674408,
    0.45000001788139343
  ],
  "objective_names": [
    "growth_proxy",
    "quasilinear_flux_proxy",
    "nonlinear_window_proxy"
  ],
  "objective_weights": [
    0.6499999761581421,
    1.0,
    1.350000023841858
  ],
  "parameter_names": [
    "ripple_proxy",
    "shear_proxy",
    "pressure_proxy"
  ],
  "parameters": [
    0.3400000035762787,
    -0.20999999344348907,
    0.27000001072883606
  ],
  "passed": true,
  "rtol": 0.002,
  "samples": [
    {
      "alpha": 0.0,
      "alpha_index": 0,
      "growth_proxy": 0.0808185487985611,
      "ky": 0.25,
      "ky_index": 0,
      "nonlinear_window_proxy": 0.09169305115938187,
      "quasilinear_flux_proxy": 0.08642684668302536,
      "sample_weight": 0.0476190485060215,
      "scalar_value": 0.08758150786161423,
      "surface_index": 0,
      "surface_label": 0.25
    },
    {
      "alpha": 0.0,
      "alpha_index": 0,
      "growth_proxy": 0.08781854808330536,
      "ky": 0.45,
      "ky_index": 1,
      "nonlinear_window_proxy": 0.08209042996168137,
      "quasilinear_flux_proxy": 0.07723773270845413,
      "sample_weight": 0.0714285746216774,
      "scalar_value": 0.0817139595746994,
      "surface_index": 0,
      "surface_label": 0.25
    },
    {
      "alpha": 0.0,
      "alpha_index": 0,
      "growth_proxy": 0.09831856191158295,
      "ky": 0.75,
      "ky_index": 2,
      "nonlinear_window_proxy": 0.0737328976392746,
      "quasilinear_flux_proxy": 0.06924009323120117,
      "sample_weight": 0.0892857164144516,
      "scalar_value": 0.07756219059228897,
      "surface_index": 0,
      "surface_label": 0.25
    },
    {
      "alpha": 0.65,
      "alpha_index": 1,
      "growth_proxy": 0.07949952781200409,
      "ky": 0.25,
      "ky_index": 0,
      "nonlinear_window_proxy": 0.09433509409427643,
      "quasilinear_flux_proxy": 0.08501630276441574,
      "sample_weight": 0.03401360660791397,
      "scalar_value": 0.08801445364952087,
      "surface_index": 0,
      "surface_label": 0.25
    },
    {
      "alpha": 0.65,
      "alpha_index": 1,
      "growth_proxy": 0.08649952709674835,
      "ky": 0.45,
      "ky_index": 1,
      "nonlinear_window_proxy": 0.08456141501665115,
      "quasilinear_flux_proxy": 0.07607763260602951,
      "sample_weight": 0.051020409911870956,
      "scalar_value": 0.08215340971946716,
      "surface_index": 0,
      "surface_label": 0.25
    },
    {
      "alpha": 0.65,
      "alpha_index": 1,
      "growth_proxy": 0.09699953347444534,
      "ky": 0.75,
      "ky_index": 2,
      "nonlinear_window_proxy": 0.07606945931911469,
      "quasilinear_flux_proxy": 0.0683111771941185,
      "sample_weight": 0.06377550959587097,
      "scalar_value": 0.07801821827888489,
      "surface_index": 0,
      "surface_label": 0.25
    },
    {
      "alpha": 0.0,
      "alpha_index": 0,
      "growth_proxy": 0.08381855487823486,
      "ky": 0.25,
      "ky_index": 0,
      "nonlinear_window_proxy": 0.09988590329885483,
      "quasilinear_flux_proxy": 0.08963503688573837,
      "sample_weight": 0.08571428060531616,
      "scalar_value": 0.09298769384622574,
      "surface_index": 1,
      "surface_label": 0.55
    },
    {
      "alpha": 0.0,
      "alpha_index": 0,
      "growth_proxy": 0.09081855416297913,
      "ky": 0.45,
      "ky_index": 1,
      "nonlinear_window_proxy": 0.08916103839874268,
      "quasilinear_flux_proxy": 0.07987628877162933,
      "sample_weight": 0.12857142090797424,
      "scalar_value": 0.08642524480819702,
      "surface_index": 1,
      "surface_label": 0.55
    },
    {
      "alpha": 0.0,
      "alpha_index": 0,
      "growth_proxy": 0.10131856799125671,
      "ky": 0.75,
      "ky_index": 2,
      "nonlinear_window_proxy": 0.07979375123977661,
      "quasilinear_flux_proxy": 0.07135282456874847,
      "sample_weight": 0.1607142686843872,
      "scalar_value": 0.08164381980895996,
      "surface_index": 1,
      "surface_label": 0.55
    },
    {
      "alpha": 0.65,
      "alpha_index": 1,
      "growth_proxy": 0.08249953389167786,
      "ky": 0.25,
      "ky_index": 0,
      "nonlinear_window_proxy": 0.10260709375143051,
      "quasilinear_flux_proxy": 0.08822448551654816,
      "sample_weight": 0.06122448667883873,
      "scalar_value": 0.09345625340938568,
      "surface_index": 1,
      "surface_label": 0.55
    },
    {
      "alpha": 0.65,
      "alpha_index": 1,
      "growth_proxy": 0.08949953317642212,
      "ky": 0.45,
      "ky_index": 1,
      "nonlinear_window_proxy": 0.09169713407754898,
      "quasilinear_flux_proxy": 0.07871618866920471,
      "sample_weight": 0.09183673560619354,
      "scalar_value": 0.08689400553703308,
      "surface_index": 1,
      "surface_label": 0.55
    },
    {
      "alpha": 0.65,
      "alpha_index": 1,
      "growth_proxy": 0.09999953210353851,
      "ky": 0.75,
      "ky_index": 2,
      "nonlinear_window_proxy": 0.08218244463205338,
      "quasilinear_flux_proxy": 0.0704239085316658,
      "sample_weight": 0.11479591578245163,
      "scalar_value": 0.082123301923275,
      "surface_index": 1,
      "surface_label": 0.55
    }
  ],
  "surface_weights": [
    1.0,
    1.7999999523162842
  ],
  "value": 0.08442610502243042
}
