ky,gamma_ref,omega_ref,gamma_spectrax,omega_spectrax,rel_gamma,rel_omega
0.200,2.117155,1.966527,4.468318,-1.251299,1.111,-1.636
0.250,2.351464,1.966527,4.141411,-0.188723,0.761,-1.096
0.300,2.184100,1.230126,3.685217,0.788758,0.687,-0.359
0.350,1.430962,0.510460,3.399493,2.571955,1.376,4.039
0.400,0.728033,-0.008368,2.878241,3.712549,2.953,-444.660
0.450,-0.426778,-0.075314,1.724876,4.949485,-5.042,-66.718
