ky,gamma_ref,omega_ref,gamma_spectrax,omega_spectrax,rel_gamma,rel_omega
0.200,2.117155,-1.966527,-3.432077,-13.722868,-2.621,5.978
0.250,2.351464,-1.966527,-3.063467,-16.498606,-2.303,7.390
0.300,2.184100,-1.230126,-3.687929,-20.118628,-2.689,15.355
0.350,1.430962,-0.510460,-2.329347,3.574649,-2.628,-8.003
0.400,0.728033,0.008368,-1.708907,-10.041561,-3.347,-1200.995
0.450,-0.426778,0.075314,-0.131516,-5.795655,-0.692,-77.953
