ky,gamma_ref,omega_ref,gamma_spectrax,omega_spectrax,rel_gamma,rel_omega
0.200,2.117155,1.966527,3.711280,-0.234669,0.753,-1.119
0.250,2.351464,1.966527,3.963282,0.751959,0.685,-0.618
0.300,2.184100,1.230126,3.701153,1.497861,0.695,0.218
0.350,1.430962,0.510460,3.097653,2.195019,1.165,3.300
0.400,0.728033,-0.008368,2.229312,2.933219,2.062,-351.528
0.450,-0.426778,-0.075314,1.388514,3.900971,-4.253,-52.796
