ky,gamma_ref,omega_ref,gamma_spectrax,omega_spectrax,rel_gamma,rel_omega
0.200,2.117155,1.966527,3.711259,-0.234670,0.753,-1.119
0.250,2.351464,1.966527,3.963273,0.751950,0.685,-0.618
0.300,2.184100,1.230126,3.701148,1.497862,0.695,0.218
0.350,1.430962,0.510460,3.097659,2.195036,1.165,3.300
0.400,0.728033,-0.008368,2.229360,2.933266,2.062,-351.534
0.450,-0.426778,-0.075314,1.388671,3.901072,-4.254,-52.797
