ky,gamma_ref,omega_ref,gamma_spectrax,omega_spectrax,rel_gamma,rel_omega
0.200,2.117155,1.966527,-15.327336,-15.090418,-8.240,-8.674
0.250,2.351464,1.966527,-2.629030,-17.118147,-2.118,-9.705
0.300,2.184100,1.230126,-2.728833,-20.705976,-2.249,-17.832
0.350,1.430962,0.510460,-2.241810,-22.271626,-2.567,-44.631
0.400,0.728033,-0.008368,-2.496109,-28.476614,-4.429,3402.037
0.450,-0.426778,-0.075314,-2.276856,-26.488640,4.335,350.709
