ky,gamma_ref,omega_ref,gamma_spectrax,omega_spectrax,rel_gamma,rel_omega
0.200,2.117155,1.966527,0.012638,0.987138,-0.994,-0.498
0.250,2.351464,1.966527,0.001450,1.237140,-0.999,-0.371
0.300,2.184100,1.230126,0.002283,1.479720,-0.999,0.203
0.350,1.430962,0.510460,0.000743,1.766747,-0.999,2.461
0.400,0.728033,-0.008368,-0.003031,2.009372,-1.004,-241.126
0.450,-0.426778,-0.075314,0.011803,2.236338,-1.028,-30.694
