ky,gamma_ref,omega_ref,gamma_spectrax,omega_spectrax,rel_gamma,rel_omega
0.200,2.117155,1.966527,16.789879,-61.858116,6.930,-32.456
0.250,2.351464,1.966527,12.552617,-46.259846,4.338,-24.524
0.300,2.184100,1.230126,10.668168,-36.729202,3.884,-30.858
0.350,1.430962,0.510460,9.629813,-30.031122,5.730,-59.831
0.400,0.728033,-0.008368,8.481627,-25.942030,10.650,3099.147
0.450,-0.426778,-0.075314,7.763201,-22.946831,-19.190,303.682
