ky,gamma_ref,omega_ref,gamma_spectrax,omega_spectrax,rel_gamma,rel_omega
0.200,2.117155,-1.966527,1.200873,-0.869610,-0.433,-0.558
0.250,2.351464,-1.966527,0.192008,0.531500,-0.918,-1.270
0.300,2.184100,-1.230126,0.163939,1.096654,-0.925,-1.891
0.350,1.430962,-0.510460,-0.415633,1.384600,-1.290,-3.712
0.400,0.728033,0.008368,-0.584099,2.324200,-1.802,276.749
0.450,-0.426778,0.075314,-0.634562,3.094677,0.487,40.090
