ky_index,reduced_real,reference_real,abs_error
0,560.0,560.0,9.5367431640625e-07
1,600.0,600.0,0.0
2,640.0,640.0,9.5367431640625e-07
3,680.0,680.0,0.0
