{
  "base_delta": 0.0,
  "base_objective_table": [
    [
      0.2966178311577277,
      -0.16693319159300474,
      0.42077905324546383,
      2.048667089878613,
      0.0,
      1.4441574129630437
    ],
    [
      0.31158403232813353,
      -1.5544764086468528,
      0.5878794287179351,
      0.6224810027779136,
      0.0,
      0.32992333362673626
    ]
  ],
  "base_sample_values": [
    1.4441574129630437,
    0.32992333362673626
  ],
  "base_value": 0.8870403732948899,
  "case_name": "nfp4_QH_warm_start",
  "central_derivative": 195473.1214762512,
  "claim_scope": "finite-difference sensitivity of an aggregated linear/quasilinear VMEC/Boozer/SPECTRAX-GK objective over fixed surfaces, field lines, and ky points; not a nonlinear transport optimization claim",
  "curvature_abs": 0.0003696695335227984,
  "curvature_ratio": 0.009455763808624477,
  "finite_difference_consistent": true,
  "finite_values": true,
  "input_path": "/Users/rogeriojorge/local/vmec_jax/examples/data/input.nfp4_QH_warm_start",
  "kind": "vmec_boozer_aggregate_scalar_objective_finite_difference_report",
  "max_curvature_ratio": 5.0,
  "minus_objective_table": [
    [
      0.29500030549292844,
      -0.16758672501081906,
      0.42561605952400755,
      2.0100701552075506,
      0.0,
      1.3932070855399619
    ],
    [
      0.31614087428815824,
      -1.5609961190537793,
      0.5862963338019542,
      0.6345289344931223,
      0.0,
      0.3421487062880906
    ]
  ],
  "minus_sample_values": [
    1.3932070855399619,
    0.3421487062880906
  ],
  "minus_value": 0.8676778959140262,
  "n_samples": 2,
  "next_action": "Use this gate before any multi-surface or multi-ky optimizer loop. Promote only after branch-continuity and held-out nonlinear-window evidence pass.",
  "objective": "quasilinear_flux",
  "objective_names": [
    "gamma",
    "omega",
    "kperp_eff2",
    "linear_heat_flux_weight",
    "linear_particle_flux_weight",
    "mixing_length_heat_flux_proxy"
  ],
  "options": {
    "mboz": 21,
    "n_hermite": 3,
    "n_laguerre": 2,
    "nboz": 21,
    "ntheta": 4,
    "nx": 1,
    "ny": 6,
    "surface_stencil_width": 3
  },
  "parameter_indices": {
    "Rcos": [
      17,
      1
    ]
  },
  "parameter_name": "Rcos_mid_surface_m1",
  "passed": true,
  "perturbation_step": 1e-07,
  "plus_objective_table": [
    [
      0.29819983192369415,
      -0.16616491772079942,
      0.41599687785030415,
      2.0866897447960957,
      0.0,
      1.4958057723668972
    ],
    [
      0.306935530940861,
      -1.5479011340883289,
      0.5895486158547988,
      0.6102999711645084,
      0.0,
      0.31773926805165575
    ]
  ],
  "plus_sample_values": [
    1.4958057723668972,
    0.31773926805165575
  ],
  "plus_value": 0.9067725202092765,
  "reduction": "mean",
  "response_abs": 0.039094624295250235,
  "response_atol": 0.0,
  "response_resolved": true,
  "samples": [
    {
      "alpha": 0.0,
      "selected_ky_index": 1,
      "surface_index": null,
      "weight": 0.5
    },
    {
      "alpha": 0.0,
      "selected_ky_index": 2,
      "surface_index": null,
      "weight": 0.5
    }
  ],
  "source_scope": "mode21_vmec_boozer_state_multi_point",
  "wout_path": "/Users/rogeriojorge/local/vmec_jax/examples/data/wout_nfp4_QH_warm_start.nc"
}
