sample,surface_index,alpha,selected_ky_index,weight,minus_value,base_value,plus_value
0,,0.0,1,0.5,1.3932070855399619,1.4441574129630437,1.4958057723668972
1,,0.0,2,0.5,0.3421487062880906,0.32992333362673626,0.31773926805165575
