{
  "config": {
    "min_abs_window_mean": 0.0001,
    "min_samples": 200,
    "min_window_samples": 80,
    "tmax": 1500.0,
    "tmax_atol": null,
    "tmin": 1100.0
  },
  "heat_flux_variable": "Diagnostics/HeatFlux_st",
  "kind": "nonlinear_runtime_output_diagnostics_gate",
  "passed": true,
  "rows": [
    {
      "failures": [],
      "heat_flux_last": 11.697342872619629,
      "heat_flux_max": 17.258121490478516,
      "heat_flux_min": 1.1906294048458221e-06,
      "heat_flux_shape": [
        604,
        1
      ],
      "passed": true,
      "path": "tools_out/vmec_qa_full_sweep_nonlinear_audits/vmec_qa_full_sweep_qa_baseline_scipy/vmec_qa_full_sweep_qa_baseline_scipy_nonlinear_t1500_n64_seed32.out.nc",
      "samples": 604,
      "time_max": 1499.9278564453125,
      "time_min": 0.05000000074505806,
      "tmax_atol": 0.625030517578125,
      "warnings": [],
      "window": {
        "mean_heat_flux": 11.815794191242736,
        "samples": 162,
        "sem_heat_flux": 0.06825676365006907,
        "tmax": 1500.0,
        "tmin": 1100.0
      }
    },
    {
      "failures": [],
      "heat_flux_last": 11.04576587677002,
      "heat_flux_max": 19.03667640686035,
      "heat_flux_min": 1.2211366993142292e-06,
      "heat_flux_shape": [
        604,
        1
      ],
      "passed": true,
      "path": "tools_out/vmec_qa_full_sweep_nonlinear_audits/vmec_qa_full_sweep_qa_baseline_scipy/vmec_qa_full_sweep_qa_baseline_scipy_nonlinear_t1500_n64_seed33.out.nc",
      "samples": 604,
      "time_max": 1499.9278564453125,
      "time_min": 0.05000000074505806,
      "tmax_atol": 0.625030517578125,
      "warnings": [],
      "window": {
        "mean_heat_flux": 11.374891428299891,
        "samples": 162,
        "sem_heat_flux": 0.0796399157911625,
        "tmax": 1500.0,
        "tmin": 1100.0
      }
    },
    {
      "failures": [],
      "heat_flux_last": 11.314308166503906,
      "heat_flux_max": 26.28868293762207,
      "heat_flux_min": 1.025181518343743e-06,
      "heat_flux_shape": [
        754,
        1
      ],
      "passed": true,
      "path": "tools_out/vmec_qa_full_sweep_nonlinear_audits/vmec_qa_full_sweep_qa_baseline_scipy/vmec_qa_full_sweep_qa_baseline_scipy_nonlinear_t1500_n64_dt0p04.out.nc",
      "samples": 754,
      "time_max": 1500.02587890625,
      "time_min": 0.03999999910593033,
      "tmax_atol": 0.5000114440917969,
      "warnings": [],
      "window": {
        "mean_heat_flux": 11.549480979122333,
        "samples": 201,
        "sem_heat_flux": 0.06176485535820829,
        "tmax": 1500.0,
        "tmin": 1100.0
      }
    }
  ],
  "summary": {
    "failed": 0,
    "outputs": 3,
    "passed": 3
  }
}
