{
  "kind": "vmec_jax_transport_gradient_line_search_report",
  "source_commit": "90f266a",
  "baseline": {
    "label": "baseline",
    "step": 0.0,
    "aspect_final": 6.000183609867784,
    "iota_final": 0.4270411353710809,
    "qs_final": 0.001589399362255084,
    "transport_objective_final": 0.058055887713706816,
    "transport_metric_final": 0.058055887713706816,
    "gate_passed": true,
    "gate_checks": {
      "aspect": {
        "value": 6.000183609867784,
        "target": 6.0,
        "absolute_error": 0.00018360986778365174,
        "absolute_tolerance": 0.02,
        "passed": true
      },
      "mean_iota": {
        "value": 0.4270411353710809,
        "minimum_abs": 0.41,
        "margin": 0.01704113537108093,
        "passed": true
      },
      "quasisymmetry": {
        "value": 0.001589399362255084,
        "maximum": 0.02,
        "margin": 0.018410600637744915,
        "source": "vmec_jax_state",
        "passed": true
      },
      "iota_profile": {
        "minimum_iotas_excluding_axis": 0.41375499331381277,
        "minimum_iotaf": 0.41410772389200134,
        "floor": 0.41,
        "source": "vmec_jax_state",
        "passed": true
      }
    }
  },
  "gradient_diagnostic": {
    "parameter_count": 120,
    "residual_count": 1,
    "objective_value": 0.0016852430491131785,
    "residual_norm_l2": 0.05805588771370512,
    "gradient_norm_l2": 0.42135868706334234,
    "gradient_norm_linf": 0.14261922555275386,
    "classification": "sensitive_boundary_transport_objective",
    "transport_sensitivity_detected": true,
    "top_gradient_components": [
      {
        "name": "zs13",
        "kind": "zs",
        "mode_index": 18,
        "m": 1,
        "n": 3,
        "rank": 1,
        "parameter_index": 27,
        "gradient": -0.14261922555275386,
        "abs_gradient": 0.14261922555275386,
        "fraction_of_l2_norm": 0.3384746296480511
      },
      {
        "name": "zs1-2",
        "kind": "zs",
        "mode_index": 13,
        "m": 1,
        "n": -2,
        "rank": 2,
        "parameter_index": 17,
        "gradient": -0.11999208001179743,
        "abs_gradient": 0.11999208001179743,
        "fraction_of_l2_norm": 0.28477419285711597
      },
      {
        "name": "rc14",
        "kind": "rc",
        "mode_index": 19,
        "m": 1,
        "n": 4,
        "rank": 3,
        "parameter_index": 28,
        "gradient": 0.10354209294076855,
        "abs_gradient": 0.10354209294076855,
        "fraction_of_l2_norm": 0.2457338512762244
      },
      {
        "name": "rc15",
        "kind": "rc",
        "mode_index": 20,
        "m": 1,
        "n": 5,
        "rank": 4,
        "parameter_index": 30,
        "gradient": -0.093739828802445,
        "abs_gradient": 0.093739828802445,
        "fraction_of_l2_norm": 0.22247038373829278
      },
      {
        "name": "rc1-3",
        "kind": "rc",
        "mode_index": 12,
        "m": 1,
        "n": -3,
        "rank": 5,
        "parameter_index": 14,
        "gradient": -0.08252909908449553,
        "abs_gradient": 0.08252909908449553,
        "fraction_of_l2_norm": 0.19586424017903073
      },
      {
        "name": "zs1-4",
        "kind": "zs",
        "mode_index": 11,
        "m": 1,
        "n": -4,
        "rank": 6,
        "parameter_index": 13,
        "gradient": 0.07576239426152723,
        "abs_gradient": 0.07576239426152723,
        "fraction_of_l2_norm": 0.1798049894011986
      },
      {
        "name": "zs1-5",
        "kind": "zs",
        "mode_index": 10,
        "m": 1,
        "n": -5,
        "rank": 7,
        "parameter_index": 11,
        "gradient": -0.07513942051968941,
        "abs_gradient": 0.07513942051968941,
        "fraction_of_l2_norm": 0.17832650145028053
      },
      {
        "name": "zs31",
        "kind": "zs",
        "mode_index": 46,
        "m": 3,
        "n": 1,
        "rank": 8,
        "parameter_index": 67,
        "gradient": 0.07238465921335478,
        "abs_gradient": 0.07238465921335478,
        "fraction_of_l2_norm": 0.17178869555968898
      },
      {
        "name": "rc11",
        "kind": "rc",
        "mode_index": 16,
        "m": 1,
        "n": 1,
        "rank": 9,
        "parameter_index": 22,
        "gradient": 0.06874276571227023,
        "abs_gradient": 0.06874276571227023,
        "fraction_of_l2_norm": 0.16314548108969262
      },
      {
        "name": "rc12",
        "kind": "rc",
        "mode_index": 17,
        "m": 1,
        "n": 2,
        "rank": 10,
        "parameter_index": 24,
        "gradient": -0.06799100618878462,
        "abs_gradient": 0.06799100618878462,
        "fraction_of_l2_norm": 0.16136134907446115
      },
      {
        "name": "rc1-1",
        "kind": "rc",
        "mode_index": 14,
        "m": 1,
        "n": -1,
        "rank": 11,
        "parameter_index": 18,
        "gradient": 0.06724323063746118,
        "abs_gradient": 0.06724323063746118,
        "fraction_of_l2_norm": 0.15958667212040317
      },
      {
        "name": "rc34",
        "kind": "rc",
        "mode_index": 49,
        "m": 3,
        "n": 4,
        "rank": 12,
        "parameter_index": 72,
        "gradient": -0.06469703199080401,
        "abs_gradient": 0.06469703199080401,
        "fraction_of_l2_norm": 0.15354384275712865
      }
    ],
    "next_action": "use a constraint-preserving projected update or constrained line search along the leading transport-gradient components"
  },
  "steps": [
    {
      "label": "step_2p5em04",
      "step": 0.00025,
      "input": "/home/rjorge/tmp/spectrax-transport-gradient-linesearch-90f266a/step_2p5em04/input.gradient_step",
      "direction_norm": 0.3094165962549754,
      "returncode": 0,
      "aspect_final": 6.000546570853119,
      "iota_final": 0.4265848968992909,
      "qs_final": 0.003366411914133017,
      "transport_objective_final": 0.05693295131113072,
      "transport_metric_final": 0.05693295131113072,
      "gate_passed": true,
      "gate_checks": {
        "aspect": {
          "value": 6.000546570853119,
          "target": 6.0,
          "absolute_error": 0.0005465708531193769,
          "absolute_tolerance": 0.05,
          "passed": true
        },
        "mean_iota": {
          "value": 0.4265848968992909,
          "minimum_abs": 0.41,
          "margin": 0.016584896899290935,
          "passed": true
        },
        "quasisymmetry": {
          "value": 0.003366411914133017,
          "maximum": 0.05,
          "margin": 0.046633588085866984,
          "source": "vmec_jax_state",
          "passed": true
        },
        "iota_profile": {
          "minimum_iotas_excluding_axis": 0.4132124974642207,
          "minimum_iotaf": 0.4135473773202682,
          "floor": 0.41,
          "source": "vmec_jax_state",
          "passed": true
        }
      }
    },
    {
      "label": "step_5p0em04",
      "step": 0.0005,
      "input": "/home/rjorge/tmp/spectrax-transport-gradient-linesearch-90f266a/step_5p0em04/input.gradient_step",
      "direction_norm": 0.3094165962549754,
      "returncode": 0,
      "aspect_final": 6.000909373144475,
      "iota_final": 0.426107961327379,
      "qs_final": 0.008870490889087541,
      "transport_objective_final": 0.05637584187553265,
      "transport_metric_final": 0.05637584187553265,
      "gate_passed": true,
      "gate_checks": {
        "aspect": {
          "value": 6.000909373144475,
          "target": 6.0,
          "absolute_error": 0.0009093731444753672,
          "absolute_tolerance": 0.05,
          "passed": true
        },
        "mean_iota": {
          "value": 0.426107961327379,
          "minimum_abs": 0.41,
          "margin": 0.016107961327379017,
          "passed": true
        },
        "quasisymmetry": {
          "value": 0.008870490889087541,
          "maximum": 0.05,
          "margin": 0.04112950911091246,
          "source": "vmec_jax_state",
          "passed": true
        },