kx_target,kx_selected,kx_index,source_path,initial_level,residual_level,residual_std,response_rms,gam_frequency,gam_damping_rate,omega_R0_over_vi,gamma_R0_over_vi,peak_count,peak_fit_count,tmin,tmax,fit_tmin,fit_tmax
0.05,0.05000000074505806,2,tools_out/zonal_response/w7x_test4_vmec_phi_line/w7x_test4_kx050.out.nc,9.999697134471067e-07,0.17173728512519704,0.06838723330681565,0.18485266776958903,-0.0016554789751320612,,-0.009080302178599356,,1,0,42.049644470214844,59.84937286376953,0.05000000074505806,11.850027084350586
0.07,0.07000000029802322,2,tools_out/zonal_response/w7x_test4_vmec_phi_line/w7x_test4_kx070.out.nc,9.99965095822532e-07,0.3562421874416442,0.04732895209234525,0.3593724054784493,-0.0029433028392037374,,-0.0161440160730325,,1,0,42.049644470214844,59.84937286376953,0.05000000074505806,11.850027084350586
0.1,0.10000000149011612,2,tools_out/zonal_response/w7x_test4_vmec_phi_line/w7x_test4_kx100.out.nc,9.99964529049099e-07,0.4694997793380335,0.03292352111484615,0.4706527393323678,-0.004011867147944338,,-0.022005091306474694,,2,0,42.049644470214844,59.84937286376953,0.05000000074505806,11.850027084350586
0.3,0.30000001192092896,2,tools_out/zonal_response/w7x_test4_vmec_phi_line/w7x_test4_kx300.out.nc,9.999643505708265e-07,0.5943364379247855,0.02360485844019199,0.5948050023218566,-0.007422676976473191,,-0.040713383215955454,,2,0,42.049644470214844,59.84937286376953,0.05000000074505806,11.850027084350586
