kx,spectrax_residual,spectrax_residual_std,spectrax_tmax,reference_residual,reference_min,reference_max,reference_tmax,coverage_ratio,residual_abs_error,residual_atol_effective,trace_available,tail_std,reference_tail_std,tail_mean_abs_error,tail_max_abs_error
0.05,0.0189021152211356,1.300290106689613,3460.136474609375,0.0088345864661653,0.0082706766917292,0.0093984962406014,3500.0,0.9886104213169643,0.0100675287549703,0.0205639097744361,1,1.2077599991732724,0.0024066124704448955,1.0209311095697293,2.5677019214858006
0.07,0.1371253379536127,0.5947906334837824,1980.0106201171875,0.0167293233082706,0.0116541353383458,0.0218045112781954,2000.0,0.9900053100585937,0.12039601464534211,0.0250751879699248,1,0.27564285273790257,0.002505038347393846,0.22921302852903605,0.7831433817015708
0.1,0.0938393187652358,0.438911784666346,1980.0106201171875,0.030263157894736797,0.025187969924812,0.0353383458646616,2000.0,0.9900053100585937,0.063576160870499,0.025075187969924802,1,0.3630130789263219,0.002316744085559747,0.3864860657331429,1.0268739870198826
0.3,0.5260690983631888,0.1698890513844591,1980.0106201171875,0.1464285714285714,0.1413533834586466,0.1515037593984962,2000.0,0.9900053100585937,0.3796405269346174,0.025075187969924816,1,0.1301303777462392,0.0027132888096743704,0.25142057109099414,0.48688850255242544
