label,family,source_path,kx_target,kx_selected,tmax,n_time,Nm,Nl,mean_abs_error,max_abs_error,final_window_tmax,tail_mean,tail_std,tail_abs_max,hermite_tail_last,laguerre_tail_last,free_energy_last_over_first
paper: Nl8 Nm32 long,paper,tools_out/zonal_response/w7x_test4_line_gaussian_probe/w7x_test4_kx070.out.nc,0.07,0.07000000029802322,1980.0106201171875,200,32,8,0.3751681765039204,1.5799569301791287,200.0,0.13757403747217997,0.595297041702192,1.8274030550965412,0.12328391749988304,0.10523365629569703,2.0353554292373017
paper: Nl16 Nm64 t100,paper-resolution,tools_out/zonal_response/w7x_publication_nl16_nm64_dt005_t100/w7x_test4_kx070.out.nc,0.07,0.07000000029802322,99.99961853027344,44,64,16,0.28322407295361973,0.5694078633647334,99.99961853027344,0.27161933465852955,0.11866334350913668,0.4893773585761115,0.38811776541950027,0.03768590935305609,1.9433489358389833
paper: Nl16 Nm64 t180,paper-resolution,tools_out/zonal_response/w7x_stability_probe_dt005_nl16_nm64_kx070_t200/w7x_test4_kx070.out.nc,0.07,0.07000000029802322,180.3995361328125,80,64,16,0.35302922501367995,0.7006624449254759,180.3995361328125,-0.22408405839896584,0.18269450562427497,0.5282081043080679,0.05882284738034386,0.06688081246211823,1.9553453687475681
weak closure: nu_hyper_m=1e-2,closure-audit,tools_out/zonal_response/w7x_test4_line_hyper_nu1e2/w7x_test4_kx070.out.nc,0.07,0.07000000029802322,1980.0106201171875,200,32,8,0.3392673441964735,0.5561508761350641,200.0,0.005174169751110996,0.06308409640813525,0.11761236553595222,0.0020083266191510667,0.1332564620594754,3.7663021485528123
non-contract: width=4 high moment,initializer-audit,tools_out/zonal_response/w7x_width4_nl16_nm64_dt005_kx070_t100/w7x_test4_kx070.out.nc,0.07,0.07000000029802322,99.99961853027344,44,64,16,0.18865027384091998,0.43319573566426706,99.99961853027344,0.08897727582088823,0.07646698318557146,0.20932596921939614,0.43389661256441475,0.02880766395659383,2.1369920599683234
non-contract: width=4 Nl24 Nm96,initializer-audit,tools_out/zonal_response/w7x_width4_nl24_nm96_dt0025_kx070_t25/w7x_test4_kx070.out.nc,0.07,0.07000000029802322,24.99990463256836,42,96,24,0.04994568782259156,0.1088709677419355,24.99990463256836,0.62922055740547,0.0052009574634250605,0.6384326139758283,0.006845016676261095,0.000709083180533014,2.087697293995659
