{
  "audit_csv": "tools_out/zonal_response/w7x_zonal_closure_ladder_kx070.csv",
  "audit_png": "tools_out/zonal_response/w7x_zonal_closure_ladder_kx070.png",
  "case": "w7x_zonal_response_closure_ladder_kx070",
  "gate_index_include": false,
  "kx": 0.07,
  "notes": "This is an open closure ladder, not a validation gate. It separates paper-contract resolution changes from weak-closure and non-contract initializer audits. Weak closure reduces the late envelope in existing probes but does not close the early trace mismatch, so it should not be used as a hidden validation setting.",
  "reference": "Gonzalez-Jerez et al., J. Plasma Phys. 88, 905880310 (2022), W7-X test 4",
  "reference_traces": "docs/_static/w7x_zonal_reference_digitized.csv",
  "rows": [
    {
      "Nl": 8,
      "Nm": 32,
      "family": "paper",
      "final_window_tmax": 200.0,
      "free_energy_last_over_first": 2.0353554292373017,
      "hermite_tail_last": 0.12328391749988304,
      "kx_selected": 0.07000000029802322,
      "kx_target": 0.07,
      "label": "paper: Nl8 Nm32 long",
      "laguerre_tail_last": 0.10523365629569703,
      "max_abs_error": 1.5799569301791287,
      "mean_abs_error": 0.3751681765039204,
      "n_time": 200,
      "source_path": "tools_out/zonal_response/w7x_test4_line_gaussian_probe/w7x_test4_kx070.out.nc",
      "tail_abs_max": 1.8274030550965412,
      "tail_mean": 0.13757403747217997,
      "tail_std": 0.595297041702192,
      "tmax": 1980.0106201171875
    },
    {
      "Nl": 16,
      "Nm": 64,
      "family": "paper-resolution",
      "final_window_tmax": 99.99961853027344,
      "free_energy_last_over_first": 1.9433489358389833,
      "hermite_tail_last": 0.38811776541950027,
      "kx_selected": 0.07000000029802322,
      "kx_target": 0.07,
      "label": "paper: Nl16 Nm64 t100",
      "laguerre_tail_last": 0.03768590935305609,
      "max_abs_error": 0.5694078633647334,
      "mean_abs_error": 0.28322407295361973,
      "n_time": 44,
      "source_path": "tools_out/zonal_response/w7x_publication_nl16_nm64_dt005_t100/w7x_test4_kx070.out.nc",
      "tail_abs_max": 0.4893773585761115,
      "tail_mean": 0.27161933465852955,
      "tail_std": 0.11866334350913668,
      "tmax": 99.99961853027344
    },
    {
      "Nl": 16,
      "Nm": 64,
      "family": "paper-resolution",
      "final_window_tmax": 180.3995361328125,
      "free_energy_last_over_first": 1.9553453687475681,
      "hermite_tail_last": 0.05882284738034386,
      "kx_selected": 0.07000000029802322,
      "kx_target": 0.07,
      "label": "paper: Nl16 Nm64 t180",
      "laguerre_tail_last": 0.06688081246211823,
      "max_abs_error": 0.7006624449254759,
      "mean_abs_error": 0.35302922501367995,
      "n_time": 80,
      "source_path": "tools_out/zonal_response/w7x_stability_probe_dt005_nl16_nm64_kx070_t200/w7x_test4_kx070.out.nc",
      "tail_abs_max": 0.5282081043080679,
      "tail_mean": -0.22408405839896584,
      "tail_std": 0.18269450562427497,
      "tmax": 180.3995361328125
    },
    {
      "Nl": 8,
      "Nm": 32,
      "family": "closure-audit",
      "final_window_tmax": 200.0,
      "free_energy_last_over_first": 3.7663021485528123,
      "hermite_tail_last": 0.0020083266191510667,
      "kx_selected": 0.07000000029802322,
      "kx_target": 0.07,
      "label": "weak closure: nu_hyper_m=1e-2",
      "laguerre_tail_last": 0.1332564620594754,
      "max_abs_error": 0.5561508761350641,
      "mean_abs_error": 0.3392673441964735,
      "n_time": 200,
      "source_path": "tools_out/zonal_response/w7x_test4_line_hyper_nu1e2/w7x_test4_kx070.out.nc",
      "tail_abs_max": 0.11761236553595222,
      "tail_mean": 0.005174169751110996,
      "tail_std": 0.06308409640813525,
      "tmax": 1980.0106201171875
    },
    {
      "Nl": 16,
      "Nm": 64,
      "family": "closure-audit",
      "final_window_tmax": 100.00020599365234,
      "free_energy_last_over_first": 0.34822087309525634,
      "hermite_tail_last": 0.0640257966759284,
      "kx_selected": 0.07000000029802322,
      "kx_target": 0.07,
      "label": "weak closure: Nl16 Nm64 nu_hyper_m=3e-3",
      "laguerre_tail_last": 0.03427478296453432,
      "max_abs_error": 0.5738397575010933,
      "mean_abs_error": 0.2921150328773958,
      "n_time": 60,
      "source_path": "tools_out/zonal_response/w7x_closure_probe_nl16_nm64_nuhm003_const_t100/w7x_test4_kx070.out.nc",
      "tail_abs_max": 0.43663860178343744,
      "tail_mean": 0.20360975711371376,
      "tail_std": 0.12808129289879217,
      "tmax": 100.00020599365234
    },
    {
      "Nl": 16,
      "Nm": 64,
      "family": "initializer-audit",
      "final_window_tmax": 99.99961853027344,
      "free_energy_last_over_first": 2.1369920599683234,
      "hermite_tail_last": 0.43389661256441475,
      "kx_selected": 0.07000000029802322,
      "kx_target": 0.07,
      "label": "non-contract: width=4 high moment",
      "laguerre_tail_last": 0.02880766395659383,
      "max_abs_error": 0.43319573566426706,
      "mean_abs_error": 0.18865027384091998,
      "n_time": 44,
      "source_path": "tools_out/zonal_response/w7x_width4_nl16_nm64_dt005_kx070_t100/w7x_test4_kx070.out.nc",
      "tail_abs_max": 0.20932596921939614,
      "tail_mean": 0.08897727582088823,
      "tail_std": 0.07646698318557146,
      "tmax": 99.99961853027344
    },
    {
      "Nl": 24,
      "Nm": 96,
      "family": "initializer-audit",
      "final_window_tmax": 24.99990463256836,
      "free_energy_last_over_first": 2.087697293995659,
      "hermite_tail_last": 0.006845016676261095,
      "kx_selected": 0.07000000029802322,
      "kx_target": 0.07,
      "label": "non-contract: width=4 Nl24 Nm96",
      "laguerre_tail_last": 0.000709083180533014,
      "max_abs_error": 0.1088709677419355,
      "mean_abs_error": 0.04994568782259156,
      "n_time": 42,
      "source_path": "tools_out/zonal_response/w7x_width4_nl24_nm96_dt0025_kx070_t25/w7x_test4_kx070.out.nc",
      "tail_abs_max": 0.6384326139758283,
      "tail_mean": 0.62922055740547,
      "tail_std": 0.0052009574634250605,
      "tmax": 24.99990463256836
    }
  ],
  "runs": [
    {
      "family": "paper",
      "label": "paper: Nl8 Nm32 long",
      "path": "tools_out/zonal_response/w7x_test4_line_gaussian_probe/w7x_test4_kx070.out.nc"
    },
    {
      "family": "paper-resolution",
      "label": "paper: Nl16 Nm64 t100",
      "path": "tools_out/zonal_response/w7x_publication_nl16_nm64_dt005_t100/w7x_test4_kx070.out.nc"
    },
    {
      "family": "paper-resolution",
      "label": "paper: Nl16 Nm64 t180",
      "path": "tools_out/zonal_response/w7x_stability_probe_dt005_nl16_nm64_kx070_t200/w7x_test4_kx070.out.nc"
    },
    {
      "family": "closure-audit",
      "label": "weak closure: nu_hyper_m=1e-2",
      "path": "tools_out/zonal_response/w7x_test4_line_hyper_nu1e2/w7x_test4_kx070.out.nc"
    },
    {
      "family": "closure-audit",
      "label": "weak closure: Nl16 Nm64 nu_hyper_m=3e-3",
      "path": "tools_out/zonal_response/w7x_closure_probe_nl16_nm64_nuhm003_const_t100/w7x_test4_kx070.out.nc"
    },
    {
      "family": "initializer-audit",
      "label": "non-contract: width=4 high moment",
      "path": "tools_out/zonal_response/w7x_width4_nl16_nm64_dt005_kx070_t100/w7x_test4_kx070.out.nc"
    },
    {
      "family": "initializer-audit",
      "label": "non-contract: width=4 Nl24 Nm96",
      "path": "tools_out/zonal_response/w7x_width4_nl24_nm96_dt0025_kx070_t25/w7x_test4_kx070.out.nc"
    }
  ],
  "t_compare": 200.0,
  "tail_fraction": 0.3,
  "validation_status": "open"
}
