{
  "cases": [
    {
      "fit_tmax": 11.850027084350586,
      "fit_tmin": 0.05000000074505806,
      "gam_damping_rate": null,
      "gam_frequency": -0.0016554789751320612,
      "gamma_R0_over_vi": null,
      "initial_level": 9.999697134471067e-07,
      "kx_index": 2,
      "kx_selected": 0.05000000074505806,
      "kx_target": 0.05,
      "omega_R0_over_vi": -0.009080302178599356,
      "peak_count": 1,
      "peak_fit_count": 0,
      "residual_level": 0.17173728512519704,
      "residual_std": 0.06838723330681565,
      "response_rms": 0.18485266776958903,
      "source_path": "tools_out/zonal_response/w7x_test4_vmec_phi_line/w7x_test4_kx050.out.nc",
      "tmax": 59.84937286376953,
      "tmin": 42.049644470214844
    },
    {
      "fit_tmax": 11.850027084350586,
      "fit_tmin": 0.05000000074505806,
      "gam_damping_rate": null,
      "gam_frequency": -0.0029433028392037374,
      "gamma_R0_over_vi": null,
      "initial_level": 9.99965095822532e-07,
      "kx_index": 2,
      "kx_selected": 0.07000000029802322,
      "kx_target": 0.07,
      "omega_R0_over_vi": -0.0161440160730325,
      "peak_count": 1,
      "peak_fit_count": 0,
      "residual_level": 0.3562421874416442,
      "residual_std": 0.04732895209234525,
      "response_rms": 0.3593724054784493,
      "source_path": "tools_out/zonal_response/w7x_test4_vmec_phi_line/w7x_test4_kx070.out.nc",
      "tmax": 59.84937286376953,
      "tmin": 42.049644470214844
    },
    {
      "fit_tmax": 11.850027084350586,
      "fit_tmin": 0.05000000074505806,
      "gam_damping_rate": null,
      "gam_frequency": -0.004011867147944338,
      "gamma_R0_over_vi": null,
      "initial_level": 9.99964529049099e-07,
      "kx_index": 2,
      "kx_selected": 0.10000000149011612,
      "kx_target": 0.1,
      "omega_R0_over_vi": -0.022005091306474694,
      "peak_count": 2,
      "peak_fit_count": 0,
      "residual_level": 0.4694997793380335,
      "residual_std": 0.03292352111484615,
      "response_rms": 0.4706527393323678,
      "source_path": "tools_out/zonal_response/w7x_test4_vmec_phi_line/w7x_test4_kx100.out.nc",
      "tmax": 59.84937286376953,
      "tmin": 42.049644470214844
    },
    {
      "fit_tmax": 11.850027084350586,
      "fit_tmin": 0.05000000074505806,
      "gam_damping_rate": null,
      "gam_frequency": -0.007422676976473191,
      "gamma_R0_over_vi": null,
      "initial_level": 9.999643505708265e-07,
      "kx_index": 2,
      "kx_selected": 0.30000001192092896,
      "kx_target": 0.3,
      "omega_R0_over_vi": -0.040713383215955454,
      "peak_count": 2,
      "peak_fit_count": 0,
      "residual_level": 0.5943364379247855,
      "residual_std": 0.02360485844019199,
      "response_rms": 0.5948050023218566,
      "source_path": "tools_out/zonal_response/w7x_test4_vmec_phi_line/w7x_test4_kx300.out.nc",
      "tmax": 59.84937286376953,
      "tmin": 42.049644470214844
    }
  ],
  "config": "examples/benchmarks/runtime_w7x_zonal_response_vmec.toml",
  "damping_method": "branchwise_extrema",
  "fit_window_tmax": 12.0,
  "frequency_method": "hilbert_phase",
  "initial_policy": "first_abs",
  "literature_reference": {
    "a_over_LTi": 0.0,
    "a_over_Ln": 0.0,
    "adiabatic_electrons": true,
    "alpha": 0.0,
    "configuration": "W7-X high-mirror",
    "flux_tube": "bean",
    "kx_rhoi_values": [
      0.05,
      0.07,
      0.1,
      0.3
    ],
    "ky": 0.0,
    "nmu_reference": 32,
    "nperiod": 4,
    "nvpar_reference": 256,
    "nz_reference": 512,
    "observable": "unweighted line-averaged electrostatic potential",
    "paper": "Gonzalez-Jerez et al., J. Plasma Phys. 88, 905880310 (2022)",
    "test": 4,
    "torflux": 0.64
  },
  "notes": "This panel follows the W7-X stella/GENE benchmark test-4 contract: bean flux tube, torflux=0.64, alpha=0, adiabatic electrons, zero gradients, ky=0, and Gaussian electrostatic-potential initial perturbations at four kx rho_i values. It uses the unweighted line-averaged signed potential observable requested by the paper; the volume-weighted Phi_zonal_mode_kxt diagnostic remains available for shaped-tokamak and energy-consistency checks. For consistency with the shaped-tokamak Merlo lane, each trace is normalized with the first-sample convention and the initial GAM is extracted with separate positive/negative-extrema damping fits plus a Hilbert-phase frequency estimate over a common early-time window. The default fit window cap isolates the initial GAM before the slower stellarator-specific oscillation described in section 4.4 of the benchmark paper; this cutoff is a manuscript-policy inference, not a quoted number from the paper itself. The metadata remains open until reference tolerances are frozen against the published stella/GENE traces.",
  "references": [
    "Gonzalez-Jerez et al. 2022 W7-X test-4 zonal-flow relaxation benchmark",
    "Merlo et al. 2016 shaped-tokamak GAM benchmark for extraction-policy consistency"
  ],
  "validation_status": "open"
}
