{
  "audit_csv": "docs/_static/w7x_zonal_moment_tail_audit.csv",
  "audit_png": "docs/_static/w7x_zonal_moment_tail_audit.png",
  "case": "w7x_zonal_response_moment_tail_audit",
  "gate_index_include": false,
  "hermite_tail_fraction": 0.125,
  "laguerre_tail_fraction": 0.25,
  "notes": "This is an open diagnostic audit, not a validation gate. It checks whether the late W7-X zonal-response envelope mismatch is accompanied by high-Hermite or high-Laguerre free-energy content in existing SPECTRAX-GK outputs. Large tail fractions indicate a velocity-space recurrence / moment-closure hypothesis to test before changing the literature normalization contract.",
  "reference": "Gonzalez-Jerez et al., J. Plasma Phys. 88, 905880310 (2022), W7-X test 4",
  "rows": [
    {
      "Nl": 8,
      "Nm": 32,
      "corner_tail_last": 0.030309281523300827,
      "corner_tail_max": 0.03352917495364575,
      "free_energy_last_over_first": 2.392028806533856,
      "hermite_tail_count": 4,
      "hermite_tail_last": 0.12123793227892868,
      "hermite_tail_max": 0.3769989974168554,
      "initial_level": 2.8209245783727965e-07,
      "kx_index": 2,
      "kx_selected": 0.05000000074505806,
      "kx_target": 0.05,
      "label": "long_Nl8_Nm32",
      "laguerre_tail_count": 2,
      "laguerre_tail_last": 0.17945198938045545,
      "laguerre_tail_max": 0.19135897063663843,
      "n_time": 350,
      "phi_tail_abs_max": 2.5737608921733526,
      "phi_tail_mean": 0.03258220548015587,
      "phi_tail_std": 1.2988202789435166,
      "source_path": "tools_out/zonal_response/w7x_test4_line_gaussian_probe/w7x_test4_kx050.out.nc",
      "tmax": 3460.136474609375,
      "tmin": 0.10000000149011612
    },
    {
      "Nl": 8,
      "Nm": 32,
      "corner_tail_last": 0.016133239561813447,
      "corner_tail_max": 0.027499790086201507,
      "free_energy_last_over_first": 2.0353554292373017,
      "hermite_tail_count": 4,
      "hermite_tail_last": 0.12328391749988304,
      "hermite_tail_max": 0.371631079566139,
      "initial_level": 2.820925999458268e-07,
      "kx_index": 2,
      "kx_selected": 0.07000000029802322,
      "kx_target": 0.07,
      "label": "long_Nl8_Nm32",
      "laguerre_tail_count": 2,
      "laguerre_tail_last": 0.10523365629569703,
      "laguerre_tail_max": 0.12779369452100037,
      "n_time": 200,
      "phi_tail_abs_max": 1.8274030550965412,
      "phi_tail_mean": 0.13757403747217997,
      "phi_tail_std": 0.595297041702192,
      "source_path": "tools_out/zonal_response/w7x_test4_line_gaussian_probe/w7x_test4_kx070.out.nc",
      "tmax": 1980.0106201171875,
      "tmin": 0.10000000149011612
    },
    {
      "Nl": 8,
      "Nm": 32,
      "corner_tail_last": 0.012842516268626416,
      "corner_tail_max": 0.03074227884728618,
      "free_energy_last_over_first": 2.030259602787712,
      "hermite_tail_count": 4,
      "hermite_tail_last": 0.11930859311058475,
      "hermite_tail_max": 0.35931121104644537,
      "initial_level": 2.8209356628394744e-07,
      "kx_index": 2,
      "kx_selected": 0.10000000149011612,
      "kx_target": 0.1,
      "label": "long_Nl8_Nm32",
      "laguerre_tail_count": 2,
      "laguerre_tail_last": 0.11225989963710506,
      "laguerre_tail_max": 0.13303048924753072,
      "n_time": 200,
      "phi_tail_abs_max": 1.0544084124536475,
      "phi_tail_mean": 0.09398249738415362,
      "phi_tail_std": 0.43913516840632394,
      "source_path": "tools_out/zonal_response/w7x_test4_line_gaussian_probe/w7x_test4_kx100.out.nc",
      "tmax": 1980.0106201171875,
      "tmin": 0.10000000149011612
    },
    {
      "Nl": 8,
      "Nm": 32,
      "corner_tail_last": 0.008474908734714681,
      "corner_tail_max": 0.016101930758672413,
      "free_energy_last_over_first": 1.6594598390049726,
      "hermite_tail_count": 4,
      "hermite_tail_last": 0.08733053773826892,
      "hermite_tail_max": 0.24554286044917267,
      "initial_level": 2.8210067171130504e-07,
      "kx_index": 2,
      "kx_selected": 0.30000001192092896,
      "kx_target": 0.3,
      "label": "long_Nl8_Nm32",
      "laguerre_tail_count": 2,
      "laguerre_tail_last": 0.10864452103982339,
      "laguerre_tail_max": 0.11586166146571247,
      "n_time": 200,
      "phi_tail_abs_max": 0.850691373311363,
      "phi_tail_mean": 0.5261427742517993,
      "phi_tail_std": 0.16986375990440197,
      "source_path": "tools_out/zonal_response/w7x_test4_line_gaussian_probe/w7x_test4_kx300.out.nc",
      "tmax": 1980.0106201171875,
      "tmin": 0.10000000149011612
    },
    {
      "Nl": 16,
      "Nm": 64,
      "corner_tail_last": 0.001351013268951874,
      "corner_tail_max": 0.001351013268951874,
      "free_energy_last_over_first": 1.9570573101371374,
      "hermite_tail_count": 8,
      "hermite_tail_last": 0.39742481387556455,
      "hermite_tail_max": 0.39742481387556455,
      "initial_level": 2.8209151992086845e-07,
      "kx_index": 2,
      "kx_selected": 0.05000000074505806,
      "kx_target": 0.05,
      "label": "short_Nl16_Nm64_t100",
      "laguerre_tail_count": 4,
      "laguerre_tail_last": 0.03811555419872897,
      "laguerre_tail_max": 0.03864726465845869,
      "n_time": 44,
      "phi_tail_abs_max": 0.28819502412693815,
      "phi_tail_mean": -0.09377276438865845,
      "phi_tail_std": 0.14949805546774367,
      "source_path": "tools_out/zonal_response/w7x_publication_nl16_nm64_dt005_t100/w7x_test4_kx050.out.nc",
      "tmax": 99.99961853027344,
      "tmin": 0.05000000074505806
    },
    {
      "Nl": 16,
      "Nm": 64,
      "corner_tail_last": 0.0014127607038195277,
      "corner_tail_max": 0.0015362343978381897,
      "free_energy_last_over_first": 1.9433489358389833,
      "hermite_tail_count": 8,
      "hermite_tail_last": 0.38811776541950027,
      "hermite_tail_max": 0.38811776541950027,
      "initial_level": 2.820915767642873e-07,
      "kx_index": 2,
      "kx_selected": 0.07000000029802322,
      "kx_target": 0.07,
      "label": "short_Nl16_Nm64_t100",
      "laguerre_tail_count": 4,
      "laguerre_tail_last": 0.03768590935305609,
      "laguerre_tail_max": 0.03784350627848036,
      "n_time": 44,
      "phi_tail_abs_max": 0.4893773585761115,
      "phi_tail_mean": 0.27161933465852955,
      "phi_tail_std": 0.11866334350913668,
      "source_path": "tools_out/zonal_response/w7x_publication_nl16_nm64_dt005_t100/w7x_test4_kx070.out.nc",
      "tmax": 99.99961853027344,
      "tmin": 0.05000000074505806
    },
    {
      "Nl": 16,
      "Nm": 64,
      "corner_tail_last": 0.0018018491610366071,
      "corner_tail_max": 0.0018018491610366071,
      "free_energy_last_over_first": 1.9175530830982441,
      "hermite_tail_count": 8,
      "hermite_tail_last": 0.358778009128558,
      "hermite_tail_max": 0.358778009128558,
      "initial_level": 2.8209254310240794e-07,
      "kx_index": 2,
      "kx_selected": 0.10000000149011612,
      "kx_target": 0.1,
      "label": "short_Nl16_Nm64_t100",
      "laguerre_tail_count": 4,
      "laguerre_tail_last": 0.03756045400244865,
      "laguerre_tail_max": 0.03756045400244865,
      "n_time": 44,
      "phi_tail_abs_max": 0.6808228690282733,
      "phi_tail_mean": 0.5247767011761043,
      "phi_tail_std": 0.08060416622309141,
      "source_path": "tools_out/zonal_response/w7x_publication_nl16_nm64_dt005_t100/w7x_test4_kx100.out.nc",
      "tmax": 99.99961853027344,
      "tmin": 0.05000000074505806
    },
    {
      "Nl": 16,
      "Nm": 64,
      "corner_tail_last": 0.0029794217490140963,
      "corner_tail_max": 0.0030787034104392684,
      "free_energy_last_over_first": 1.584044497046043,
      "hermite_tail_count": 8,
      "hermite_tail_last": 0.25291694190529496,
      "hermite_tail_max": 0.25291694190529496,
      "initial_level": 2.8209430524839263e-07,
      "kx_index": 2,
      "kx_selected": 0.30000001192092896,
      "kx_target": 0.3,
      "label": "short_Nl16_Nm64_t100",
      "laguerre_tail_count": 4,
      "laguerre_tail_last": 0.04060075415434017,
      "laguerre_tail_max": 0.04063240667402502,