{
  "cases": [
    {
      "fit_tmax": 10.10000228881836,
      "fit_tmin": 0.10000000149011612,
      "gam_damping_rate": null,
      "gam_frequency": null,
      "gamma_R0_over_vi": null,
      "initial_level": 1e-06,
      "initial_level_override": 1e-06,
      "initial_normalization": "init_amp",
      "kx_index": 2,
      "kx_selected": 0.05000000074505806,
      "kx_target": 0.05,
      "omega_R0_over_vi": null,
      "peak_count": 111,
      "peak_fit_count": 0,
      "residual_level": 0.005332172813204902,
      "residual_std": 0.36680400447548933,
      "response_rms": 0.36684275891199586,
      "source_path": "tools_out/zonal_response/w7x_test4_line_gaussian_probe/w7x_test4_kx050.out.nc",
      "tmax": 3460.136474609375,
      "tmin": 2420.128173828125
    },
    {
      "fit_tmax": 10.10000228881836,
      "fit_tmin": 0.10000000149011612,
      "gam_damping_rate": null,
      "gam_frequency": null,
      "gamma_R0_over_vi": null,
      "initial_level": 1e-06,
      "initial_level_override": 1e-06,
      "initial_normalization": "init_amp",
      "kx_index": 2,
      "kx_selected": 0.07000000029802322,
      "kx_target": 0.07,
      "omega_R0_over_vi": null,
      "peak_count": 77,
      "peak_fit_count": 0,
      "residual_level": 0.03868215069630582,
      "residual_std": 0.16778650292153902,
      "response_rms": 0.17218774446844737,
      "source_path": "tools_out/zonal_response/w7x_test4_line_gaussian_probe/w7x_test4_kx070.out.nc",
      "tmax": 1980.0106201171875,
      "tmin": 1390.1204833984375
    },
    {
      "fit_tmax": 10.10000228881836,
      "fit_tmin": 0.10000000149011612,
      "gam_damping_rate": null,
      "gam_frequency": null,
      "gamma_R0_over_vi": null,
      "initial_level": 1e-06,
      "initial_level_override": 1e-06,
      "initial_normalization": "init_amp",
      "kx_index": 2,
      "kx_selected": 0.10000000149011612,
      "kx_target": 0.1,
      "omega_R0_over_vi": null,
      "peak_count": 75,
      "peak_fit_count": 0,
      "residual_level": 0.02647150520116583,
      "residual_std": 0.12381436420819855,
      "response_rms": 0.12661254824027432,
      "source_path": "tools_out/zonal_response/w7x_test4_line_gaussian_probe/w7x_test4_kx100.out.nc",
      "tmax": 1980.0106201171875,
      "tmin": 1390.1204833984375
    },
    {
      "fit_tmax": 10.10000228881836,
      "fit_tmin": 0.10000000149011612,
      "gam_damping_rate": null,
      "gam_frequency": null,
      "gamma_R0_over_vi": null,
      "initial_level": 1e-06,
      "initial_level_override": 1e-06,
      "initial_normalization": "init_amp",
      "kx_index": 2,
      "kx_selected": 0.30000001192092896,
      "kx_target": 0.3,
      "omega_R0_over_vi": null,
      "peak_count": 60,
      "peak_fit_count": 0,
      "residual_level": 0.14840447802269752,
      "residual_std": 0.04792582584859559,
      "response_rms": 0.15595119069907487,
      "source_path": "tools_out/zonal_response/w7x_test4_line_gaussian_probe/w7x_test4_kx300.out.nc",
      "tmax": 1980.0106201171875,
      "tmin": 1390.1204833984375
    }
  ],
  "config": "examples/benchmarks/runtime_w7x_zonal_response_vmec.toml",
  "damping_method": "branchwise_extrema",
  "fit_window_tmax": 12.0,
  "frequency_method": "hilbert_phase",
  "initial_level_override": 1e-06,
  "initial_normalization": "init_amp",
  "initial_policy": "first_abs",
  "literature_reference": {
    "a_over_LTi": 0.0,
    "a_over_Ln": 0.0,
    "adiabatic_electrons": true,
    "alpha": 0.0,
    "configuration": "W7-X high-mirror",
    "flux_tube": "bean",
    "kx_rhoi_values": [
      0.05,
      0.07,
      0.1,
      0.3
    ],
    "ky": 0.0,
    "nmu_reference": 32,
    "nperiod": 4,
    "nvpar_reference": 256,
    "nz_reference": 512,
    "observable": "unweighted line-averaged electrostatic potential",
    "paper": "Gonzalez-Jerez et al., J. Plasma Phys. 88, 905880310 (2022)",
    "test": 4,
    "torflux": 0.64
  },
  "notes": "This panel follows the W7-X stella/GENE benchmark test-4 contract: bean flux tube, torflux=0.64, alpha=0, adiabatic electrons, zero gradients, ky=0, and Gaussian electrostatic-potential initial perturbations at four kx rho_i values. It uses the unweighted line-averaged signed potential observable requested by the paper; the volume-weighted Phi_zonal_mode_kxt diagnostic remains available for shaped-tokamak and energy-consistency checks. Each trace is normalized to the maximum initial potential amplitude when --initial-normalization=init_amp, matching the published W7-X caption; the line_first option is retained for first-sample extraction audits. The initial GAM is extracted with separate positive/negative-extrema damping fits plus a Hilbert-phase frequency estimate over a common early-time window. The default fit window cap isolates the initial GAM before the slower stellarator-specific oscillation described in section 4.4 of the benchmark paper; this cutoff is a manuscript-policy inference, not a quoted number from the paper itself. The metadata remains open until the separate digitized-reference gate closes both residual and late-envelope tolerances.",
  "references": [
    "Gonzalez-Jerez et al. 2022 W7-X test-4 zonal-flow relaxation benchmark",
    "Merlo et al. 2016 shaped-tokamak GAM benchmark for extraction-policy consistency"
  ],
  "runtime": {
    "Nl": 8,
    "Nm": 32,
    "diagnostics": true,
    "dt": 0.1,
    "expected_tmax": 3500.0,
    "sample_stride": 100,
    "show_progress": false,
    "steps": 35000
  },
  "validation_status": "open"
}
