{
  "cases": [
    {
      "fit_tmax": 10.10000228881836,
      "fit_tmin": 0.10000000149011612,
      "gam_damping_rate": null,
      "gam_frequency": null,
      "gamma_R0_over_vi": null,
      "initial_level": 2.820939747125582e-07,
      "initial_level_override": null,
      "initial_normalization": "line_first",
      "kx_index": 2,
      "kx_selected": 0.05000000074505806,
      "kx_target": 0.05,
      "omega_R0_over_vi": null,
      "peak_count": 111,
      "peak_fit_count": 0,
      "residual_level": 0.018902115221135652,
      "residual_std": 1.300290106689613,
      "response_rms": 1.3004274879879767,
      "source_path": "tools_out/zonal_response/w7x_test4_line_gaussian_probe/w7x_test4_kx050.out.nc",
      "tmax": 3460.136474609375,
      "tmin": 2420.128173828125
    },
    {
      "fit_tmax": 10.10000228881836,
      "fit_tmin": 0.10000000149011612,
      "gam_damping_rate": null,
      "gam_frequency": null,
      "gamma_R0_over_vi": null,
      "initial_level": 2.820933845894429e-07,
      "initial_level_override": null,
      "initial_normalization": "line_first",
      "kx_index": 2,
      "kx_selected": 0.07000000029802322,
      "kx_target": 0.07,
      "omega_R0_over_vi": null,
      "peak_count": 77,
      "peak_fit_count": 0,
      "residual_level": 0.13712533795361273,
      "residual_std": 0.5947906334837824,
      "response_rms": 0.6103927063693763,
      "source_path": "tools_out/zonal_response/w7x_test4_line_gaussian_probe/w7x_test4_kx070.out.nc",
      "tmax": 1980.0106201171875,
      "tmin": 1390.1204833984375
    },
    {
      "fit_tmax": 10.10000228881836,
      "fit_tmin": 0.10000000149011612,
      "gam_damping_rate": null,
      "gam_frequency": null,
      "gamma_R0_over_vi": null,
      "initial_level": 2.8209396177940475e-07,
      "initial_level_override": null,
      "initial_normalization": "line_first",
      "kx_index": 2,
      "kx_selected": 0.10000000149011612,
      "kx_target": 0.1,
      "omega_R0_over_vi": null,
      "peak_count": 75,
      "peak_fit_count": 0,
      "residual_level": 0.09383931876523588,
      "residual_std": 0.43891178466634606,
      "response_rms": 0.4488311179779322,
      "source_path": "tools_out/zonal_response/w7x_test4_line_gaussian_probe/w7x_test4_kx100.out.nc",
      "tmax": 1980.0106201171875,
      "tmin": 1390.1204833984375
    },
    {
      "fit_tmax": 10.10000228881836,
      "fit_tmin": 0.10000000149011612,
      "gam_damping_rate": null,
      "gam_frequency": null,
      "gamma_R0_over_vi": null,
      "initial_level": 2.8210073255479777e-07,
      "initial_level_override": null,
      "initial_normalization": "line_first",
      "kx_index": 2,
      "kx_selected": 0.30000001192092896,
      "kx_target": 0.3,
      "omega_R0_over_vi": null,
      "peak_count": 60,
      "peak_fit_count": 0,
      "residual_level": 0.5260690983631888,
      "residual_std": 0.1698890513844591,
      "response_rms": 0.5528209348721969,
      "source_path": "tools_out/zonal_response/w7x_test4_line_gaussian_probe/w7x_test4_kx300.out.nc",
      "tmax": 1980.0106201171875,
      "tmin": 1390.1204833984375
    }
  ],
  "config": "examples/benchmarks/runtime_w7x_zonal_response_vmec.toml",
  "damping_method": "branchwise_extrema",
  "fit_window_tmax": 12.0,
  "frequency_method": "hilbert_phase",
  "initial_level_override": null,
  "initial_normalization": "line_first",
  "initial_policy": "first_abs",
  "literature_reference": {
    "a_over_LTi": 0.0,
    "a_over_Ln": 0.0,
    "adiabatic_electrons": true,
    "alpha": 0.0,
    "configuration": "W7-X high-mirror",
    "flux_tube": "bean",
    "kx_rhoi_values": [
      0.05,
      0.07,
      0.1,
      0.3
    ],
    "ky": 0.0,
    "nmu_reference": 32,
    "normalization": "line-averaged potential normalized to its t=0 line-average value",
    "nperiod": 4,
    "nvpar_reference": 256,
    "nz_reference": 512,
    "observable": "unweighted line-averaged electrostatic potential",
    "paper": "Gonzalez-Jerez et al., J. Plasma Phys. 88, 905880310 (2022)",
    "test": 4,
    "torflux": 0.64
  },
  "notes": "This panel follows the W7-X stella/GENE benchmark test-4 contract: bean flux tube, torflux=0.64, alpha=0, adiabatic electrons, zero gradients, ky=0, and Gaussian electrostatic-potential initial perturbations at four kx rho_i values. It uses the unweighted line-averaged signed potential observable requested by the paper; the volume-weighted Phi_zonal_mode_kxt diagnostic remains available for shaped-tokamak and energy-consistency checks. The paper text normalizes the line-averaged response to its t=0 value; therefore the default --initial-normalization=line_first follows that convention. The init_amp option is retained for explicit audits of the caption wording and the clipped initial portion of Fig. 11, but it is not the default validation contract. The initial GAM is extracted with separate positive/negative-extrema damping fits plus a Hilbert-phase frequency estimate over a common early-time window. Runtime times are multiplied by the metadata time_scale before plotting and reference comparison; the default time_scale=1 keeps the runtime axis on the paper's t v_ti/a axis and non-unit values are treated as calibration probes. The default fit window cap isolates the initial GAM before the slower stellarator-specific oscillation described in section 4.4 of the benchmark paper; this cutoff is a manuscript-policy inference, not a quoted number from the paper itself. The metadata remains open until the separate digitized-reference gate closes both residual and late-envelope tolerances.",
  "references": [
    "Gonzalez-Jerez et al. 2022 W7-X test-4 zonal-flow relaxation benchmark",
    "Merlo et al. 2016 shaped-tokamak GAM benchmark for extraction-policy consistency"
  ],
  "runtime": {
    "Nl": 8,
    "Nm": 32,
    "checkpoint_steps": null,
    "diagnostics": true,
    "dt": 0.1,
    "expected_tmax": 3500.0,
    "resume_output": false,
    "sample_stride": 100,
    "show_progress": false,
    "steps": 35000,
    "time_scale": 1.0
  },
  "summary_csv": "docs/_static/w7x_zonal_response_panel.csv",
  "traces_csv": "docs/_static/w7x_zonal_response_panel.traces.csv",
  "validation_status": "open"
}
