{
  "cases": [
    {
      "fit_tmax": 11.850027084350586,
      "fit_tmin": 0.05000000074505806,
      "gam_damping_rate": null,
      "gam_frequency": -0.0019073785216450262,
      "gamma_R0_over_vi": null,
      "initial_level": 0.0002661462091823809,
      "kx_index": 2,
      "kx_selected": 0.05000000074505806,
      "kx_target": 0.05,
      "omega_R0_over_vi": -0.010461971191222968,
      "peak_count": 1,
      "peak_fit_count": 0,
      "residual_level": 0.17083675697419004,
      "residual_std": 0.06811363621062146,
      "response_rms": 0.18391483075405132,
      "source_path": "tools_out/zonal_response/w7x_test4_vmec/w7x_test4_kx050.out.nc",
      "tmax": 59.84937286376953,
      "tmin": 42.049644470214844
    },
    {
      "fit_tmax": 11.850027084350586,
      "fit_tmin": 0.05000000074505806,
      "gam_damping_rate": null,
      "gam_frequency": -0.003607021002386657,
      "gamma_R0_over_vi": null,
      "initial_level": 0.00013644569020711085,
      "kx_index": 2,
      "kx_selected": 0.07000000029802322,
      "kx_target": 0.07,
      "omega_R0_over_vi": -0.019784510198090816,
      "peak_count": 1,
      "peak_fit_count": 0,
      "residual_level": 0.353782623503417,
      "residual_std": 0.04692491369926449,
      "response_rms": 0.3568810617259536,
      "source_path": "tools_out/zonal_response/w7x_test4_vmec/w7x_test4_kx070.out.nc",
      "tmax": 59.84937286376953,
      "tmin": 42.049644470214844
    },
    {
      "fit_tmax": 11.850027084350586,
      "fit_tmin": 0.05000000074505806,
      "gam_damping_rate": null,
      "gam_frequency": -0.005712808334253697,
      "gamma_R0_over_vi": null,
      "initial_level": 6.752571220053179e-05,
      "kx_index": 2,
      "kx_selected": 0.10000000149011612,
      "kx_target": 0.1,
      "omega_R0_over_vi": -0.031334753713381534,
      "peak_count": 2,
      "peak_fit_count": 0,
      "residual_level": 0.46382627775901236,
      "residual_std": 0.03230946829961311,
      "response_rms": 0.4649502314028721,
      "source_path": "tools_out/zonal_response/w7x_test4_vmec/w7x_test4_kx100.out.nc",
      "tmax": 59.84937286376953,
      "tmin": 42.049644470214844
    },
    {
      "fit_tmax": 11.850027084350586,
      "fit_tmin": 0.05000000074505806,
      "gam_damping_rate": null,
      "gam_frequency": -0.0231861472931142,
      "gamma_R0_over_vi": null,
      "initial_level": 8.426161449997579e-06,
      "kx_index": 2,
      "kx_selected": 0.30000001192092896,
      "kx_target": 0.3,
      "omega_R0_over_vi": -0.1271760179027314,
      "peak_count": 2,
      "peak_fit_count": 0,
      "residual_level": 0.5529940158763889,
      "residual_std": 0.02207440681508955,
      "response_rms": 0.5534344234246131,
      "source_path": "tools_out/zonal_response/w7x_test4_vmec/w7x_test4_kx300.out.nc",
      "tmax": 59.84937286376953,
      "tmin": 42.049644470214844
    }
  ],
  "config": "/home/rjorge/spectrax-current-run/examples/benchmarks/runtime_w7x_zonal_response_vmec.toml",
  "damping_method": "branchwise_extrema",
  "fit_window_tmax": 12.0,
  "frequency_method": "hilbert_phase",
  "initial_policy": "first_abs",
  "literature_reference": {
    "a_over_LTi": 0.0,
    "a_over_Ln": 0.0,
    "adiabatic_electrons": true,
    "alpha": 0.0,
    "configuration": "W7-X high-mirror",
    "flux_tube": "bean",
    "kx_rhoi_values": [
      0.05,
      0.07,
      0.1,
      0.3
    ],
    "ky": 0.0,
    "nmu_reference": 32,
    "nperiod": 4,
    "nvpar_reference": 256,
    "nz_reference": 512,
    "paper": "Gonzalez-Jerez et al., J. Plasma Phys. 88, 905880310 (2022)",
    "test": 4,
    "torflux": 0.64
  },
  "notes": "This panel follows the W7-X stella/GENE benchmark test-4 contract: bean flux tube, torflux=0.64, alpha=0, adiabatic electrons, zero gradients, ky=0, and Gaussian initial perturbations at four kx rho_i values. For consistency with the shaped-tokamak Merlo lane, each trace is normalized with the first-sample convention and the initial GAM is extracted with separate positive/negative-extrema damping fits plus a Hilbert-phase frequency estimate over a common early-time window. The default fit window cap isolates the initial GAM before the slower stellarator-specific oscillation described in section 4.4 of the benchmark paper; this cutoff is a manuscript-policy inference, not a quoted number from the paper itself. The metadata remains open until reference tolerances are frozen against the published stella/GENE traces.",
  "references": [
    "Gonzalez-Jerez et al. 2022 W7-X test-4 zonal-flow relaxation benchmark",
    "Merlo et al. 2016 shaped-tokamak GAM benchmark for extraction-policy consistency"
  ],
  "validation_status": "open"
}