kx_target,kx_selected,kx_index,source_path,initial_level,initial_normalization,initial_level_override,residual_level,residual_std,response_rms,gam_frequency,gam_damping_rate,omega_R0_over_vi,gamma_R0_over_vi,peak_count,peak_fit_count,tmin,tmax,fit_tmin,fit_tmax
0.05,0.05000000074505806,2,tools_out/zonal_response/w7x_test4_line_gaussian_probe/w7x_test4_kx050.out.nc,1e-06,init_amp,1e-06,0.005332172813204902,0.36680400447548933,0.36684275891199586,,,,,111,0,2420.128173828125,3460.136474609375,0.10000000149011612,10.10000228881836
0.07,0.07000000029802322,2,tools_out/zonal_response/w7x_test4_line_gaussian_probe/w7x_test4_kx070.out.nc,1e-06,init_amp,1e-06,0.03868215069630582,0.16778650292153902,0.17218774446844737,,,,,77,0,1390.1204833984375,1980.0106201171875,0.10000000149011612,10.10000228881836
0.1,0.10000000149011612,2,tools_out/zonal_response/w7x_test4_line_gaussian_probe/w7x_test4_kx100.out.nc,1e-06,init_amp,1e-06,0.02647150520116583,0.12381436420819855,0.12661254824027432,,,,,75,0,1390.1204833984375,1980.0106201171875,0.10000000149011612,10.10000228881836
0.3,0.30000001192092896,2,tools_out/zonal_response/w7x_test4_line_gaussian_probe/w7x_test4_kx300.out.nc,1e-06,init_amp,1e-06,0.14840447802269752,0.04792582584859559,0.15595119069907487,,,,,60,0,1390.1204833984375,1980.0106201171875,0.10000000149011612,10.10000228881836
