kx,spectrax_residual,spectrax_residual_std,spectrax_tmax,reference_residual,reference_min,reference_max,reference_tmax,coverage_ratio,residual_abs_error,residual_atol_effective,trace_available,tail_std,reference_tail_std,tail_mean_abs_error,tail_max_abs_error
0.05,0.171737285125197,0.0683872333068156,59.84937286376953,0.0088345864661653,0.0082706766917292,0.0093984962406014,3500.0,0.017099820818219865,0.1629026986590317,0.0205639097744361,0,,,,
0.07,0.3562421874416442,0.0473289520923452,59.84937286376953,0.0167293233082706,0.0116541353383458,0.0218045112781954,2000.0,0.029924686431884766,0.3395128641333736,0.0250751879699248,0,,,,
0.1,0.4694997793380335,0.0329235211148461,59.84937286376953,0.030263157894736797,0.025187969924812,0.0353383458646616,2000.0,0.029924686431884766,0.43923662144329667,0.025075187969924802,0,,,,
0.3,0.5943364379247855,0.0236048584401919,59.84937286376953,0.1464285714285714,0.1413533834586466,0.1515037593984962,2000.0,0.029924686431884766,0.4479078664962141,0.025075187969924816,0,,,,
