kx_target,kx_selected,kx_index,source_path,initial_level,residual_level,residual_std,response_rms,gam_frequency,gam_damping_rate,omega_R0_over_vi,gamma_R0_over_vi,peak_count,peak_fit_count,tmin,tmax,fit_tmin,fit_tmax
0.05,0.05000000074505806,2,tools_out/zonal_response/w7x_test4_vmec/w7x_test4_kx050.out.nc,0.0002661462091823809,0.17083675697419004,0.06811363621062146,0.18391483075405132,-0.0019073785216450262,,-0.010461971191222968,,1,0,42.049644470214844,59.84937286376953,0.05000000074505806,11.850027084350586
0.07,0.07000000029802322,2,tools_out/zonal_response/w7x_test4_vmec/w7x_test4_kx070.out.nc,0.00013644569020711085,0.353782623503417,0.04692491369926449,0.3568810617259536,-0.003607021002386657,,-0.019784510198090816,,1,0,42.049644470214844,59.84937286376953,0.05000000074505806,11.850027084350586
0.1,0.10000000149011612,2,tools_out/zonal_response/w7x_test4_vmec/w7x_test4_kx100.out.nc,6.752571220053179e-05,0.46382627775901236,0.03230946829961311,0.4649502314028721,-0.005712808334253697,,-0.031334753713381534,,2,0,42.049644470214844,59.84937286376953,0.05000000074505806,11.850027084350586
0.3,0.30000001192092896,2,tools_out/zonal_response/w7x_test4_vmec/w7x_test4_kx300.out.nc,8.426161449997579e-06,0.5529940158763889,0.02207440681508955,0.5534344234246131,-0.0231861472931142,,-0.1271760179027314,,2,0,42.049644470214844,59.84937286376953,0.05000000074505806,11.850027084350586
